pk,name,country,latitude,longitude,collector,collection_date,cs_number,species,genotypes,count_phenotypes
88,CYR,France,47.4,0.683333,Valerie Le Corre,,CS76790,Arabidopsis thaliana,,35
108,LDV-18,France,48.5167,-4.06667,Valerie Le Corre,,CS77013,Arabidopsis thaliana,,27
139,LDV-46,France,48.5167,-4.06667,Valerie Le Corre,,CS77014,Arabidopsis thaliana,,30
159,MAR2-3,France,47.35,3.93333,Valerie Le Corre,,CS77070,Arabidopsis thaliana,,638
265,PYL-6,France,44.65,-1.16667,Valerie Le Corre,,CS77198,Arabidopsis thaliana,,158
350,TOU-A1-88,France,46.6667,4.11667,Fabrice Roux,,CS77382,Arabidopsis thaliana,,38
351,TOU-A1-89,France,46.6667,4.11667,Fabrice Roux,,CS77383,Arabidopsis thaliana,,22
403,Zdarec3,Czech Republic,49.3667,16.2667,Marie-Theres Hauser,,CS78873,Arabidopsis thaliana,,626
410,Doubravnik7,Czech Republic,49.4211,16.3497,Marie-Theres Hauser,,CS76808,Arabidopsis thaliana,,33
424,Draha2,Czech Republic,49.4112,16.2815,Marie-Theres Hauser,,CS76812,Arabidopsis thaliana,,22
428,Borky1,Czech Republic,49.403,16.232,Marie-Theres Hauser,,CS76718,Arabidopsis thaliana,,24
430,Gr-1,Austria,47.0,15.5,Albert Kranz,,CS76496,Arabidopsis thaliana,,51
470,BRR4,US,40.8313,-87.735,Diane Byers,,CS78943,Arabidopsis thaliana,,0
476,BRR12,US,40.8313,-87.735,Diane Byers,,CS78944,Arabidopsis thaliana,,7
484,BRR23,US,40.8313,-87.735,Diane Byers,,CS78945,Arabidopsis thaliana,,3
504,BRR57,US,40.8313,-87.735,Diane Byers,,CS78946,Arabidopsis thaliana,,3
506,BRR60,US,40.8313,-87.735,Diane Byers,,CS78947,Arabidopsis thaliana,,3
531,BRR107,US,40.8313,-87.735,Diane Byers,,CS78948,Arabidopsis thaliana,,3
544,LI-WP-039,US,40.9076,-73.2089,Oliver Bossdorf,,CS78949,Arabidopsis thaliana,,10
546,LI-WP-041,US,40.9076,-73.2089,Oliver Bossdorf,,CS78950,Arabidopsis thaliana,,3
628,LI-OF-061,US,40.7777,-72.9069,Oliver Bossdorf,,CS78951,Arabidopsis thaliana,,10
630,LI-OF-065,US,40.7777,-72.9069,Oliver Bossdorf,,CS77036,Arabidopsis thaliana,,15
680,LI-RR-096,US,40.9447,-72.8615,Oliver Bossdorf,,CS78952,Arabidopsis thaliana,,7
681,LI-RR-097,US,40.9447,-72.8615,Oliver Bossdorf,,CS78953,Arabidopsis thaliana,,0
685,LI-EF-011,US,40.9064,-73.1493,Oliver Bossdorf,,CS78954,Arabidopsis thaliana,,0
687,LI-EF-018,US,40.9064,-73.1493,Oliver Bossdorf,,CS78955,Arabidopsis thaliana,,7
728,LI-SET-019,US,40.9352,-73.114,Oliver Bossdorf,,CS78956,Arabidopsis thaliana,,0
742,LI-SET-036,US,40.9352,-73.114,Oliver Bossdorf,,CS78957,Arabidopsis thaliana,,7
763,Kar-1,Kyrgyzstan,42.3,74.3667,Olivier Loudet,,CS76522,Arabidopsis thaliana,,189
765,Sus-1,Kyrgyzstan,42.1833,73.4,Olivier Loudet,,CS76607,Arabidopsis thaliana,,190
766,Dja-1,Kyrgyzstan,42.5833,73.6333,Olivier Loudet,,CS76473,Arabidopsis thaliana,,175
768,Zal-1,Kyrgyzstan,42.8,76.35,Olivier Loudet,,CS76634,Arabidopsis thaliana,,177
772,Neo-6,Tajikistan,37.35,72.4667,Olivier Loudet,,CS76560,Arabidopsis thaliana,,190
801,KYC-33,US,37.9169,-84.4639,Kathleen Donohue,,CS76992,Arabidopsis thaliana,,43
853,MIA-1,US,41.7976,-86.6691,Kathleen Donohue,,CS78958,Arabidopsis thaliana,,0
854,MIA-5,US,41.7976,-86.6691,Kathleen Donohue,,CS78959,Arabidopsis thaliana,,7
867,MIC-20,US,41.8266,-86.4366,Kathleen Donohue,,CS78960,Arabidopsis thaliana,,0
868,MIC-24,US,41.8266,-86.4366,Kathleen Donohue,,CS78961,Arabidopsis thaliana,,0
870,MIC-31,US,41.8266,-86.4366,Kathleen Donohue,,CS77082,Arabidopsis thaliana,,9
915,LIN S-5,US,41.8972,-71.4378,Kathleen Donohue,,CS77040,Arabidopsis thaliana,,36
932,CHA-41,US,42.3634,-71.1445,Kathleen Donohue,,CS76765,Arabidopsis thaliana,,33
991,Ale-Stenar-41-1,Sweden,55.3833,14.05,Jon Ågren,,CS76651,Arabidopsis thaliana,,512
992,Ale-Stenar-44-4,Sweden,55.3833,14.05,Jon Ågren,,CS76652,Arabidopsis thaliana,,519
997,Ale-Stenar-56-14,Sweden,55.3833,14.05,Jon Ågren,,CS76653,Arabidopsis thaliana,,28
1002,Ale-Stenar-64-24,Sweden,55.3833,14.05,Jon Ågren,,CS76654,Arabidopsis thaliana,,520
1006,Ale-Stenar-77-31,Sweden,55.3833,14.05,Jon Ågren,,CS77636,Arabidopsis thaliana,,489
1061,Brösarp-11-135,Sweden,55.7167,14.1333,Jon Ågren,,CS76727,Arabidopsis thaliana,,512
1062,Brösarp-15-138,Sweden,55.7167,14.1333,Jon Ågren,,CS76728,Arabidopsis thaliana,,504
1063,Brösarp-21-140,Sweden,55.7167,14.1333,Jon Ågren,,CS76729,Arabidopsis thaliana,,504
1066,Brösarp-34-145,Sweden,55.7167,14.1333,Jon Ågren,,CS76730,Arabidopsis thaliana,,13
1070,Brösarp-45-153,Sweden,55.7167,14.1333,Jon Ågren,,CS77643,Arabidopsis thaliana,,492
1158,Aledal-6-49,Sweden,56.7,16.5167,Jon Ågren,,CS76656,Arabidopsis thaliana,,16
1166,Aledal-14-73,Sweden,56.7,16.5167,Jon Ågren,,CS77651,Arabidopsis thaliana,,12
1254,Tos-82-387,Sweden,59.4333,17.0167,Jon Ågren,,CS77379,Arabidopsis thaliana,,25
1257,Tos-95-393,Sweden,59.4333,17.0167,Jon Ågren,,CS77380,Arabidopsis thaliana,,498
1313,Ängsö-59-422,Sweden,59.5667,16.8667,Jon Ågren,,CS77658,Arabidopsis thaliana,,7
1317,Ängsö-74-430,Sweden,59.5667,16.8667,Jon Ågren,,CS76665,Arabidopsis thaliana,,503
1552,Sku-30,Sweden,63.0833,18.3667,Jon Ågren,,CS77251,Arabidopsis thaliana,,140
1612,Brn-10,US,41.9,-86.583,Diane Byers,,CS78962,Arabidopsis thaliana,,0
1622,Brn-24,US,41.9,-86.583,Diane Byers,,CS78963,Arabidopsis thaliana,,0
1651,DuckLkSP38,US,43.3431,-86.4045,Diane Byers,,CS78964,Arabidopsis thaliana,,7
1652,DuckLkSP40,US,43.3431,-86.4045,Diane Byers,,CS78965,Arabidopsis thaliana,,0
1676,Haz-2,US,41.879,-86.607,Diane Byers,,CS78966,Arabidopsis thaliana,,7
1684,Haz-10,US,41.879,-86.607,Diane Byers,,CS78967,Arabidopsis thaliana,,0
1739,KBS-Mac-68,US,42.405,-85.398,Diane Byers,,CS78968,Arabidopsis thaliana,,23
1741,KBS-Mac-74,US,42.405,-85.398,Diane Byers,,CS78969,Arabidopsis thaliana,,0
1756,Ker-4,US,42.184,-86.358,Diane Byers,,CS78970,Arabidopsis thaliana,,0
1757,Ker-5,US,42.184,-86.358,Diane Byers,,CS78971,Arabidopsis thaliana,,0
1793,L-R-5,US,41.847,-86.67,Diane Byers,,CS78972,Arabidopsis thaliana,,0
1797,L-R-10,US,41.847,-86.67,Diane Byers,,CS78973,Arabidopsis thaliana,,0
1819,Lak-12,US,41.8,-86.67,Diane Byers,,CS78974,Arabidopsis thaliana,,0
1820,Lak-13,US,41.8,-86.67,Diane Byers,,CS78975,Arabidopsis thaliana,,0
1829,Mdn-1,US,42.051,-86.509,Diane Byers,,CS77077,Arabidopsis thaliana,,539
1834,Mdn-8,US,42.051,-86.509,Diane Byers,,CS78976,Arabidopsis thaliana,,0
1835,Mdn-10,US,42.051,-86.509,Diane Byers,,CS78977,Arabidopsis thaliana,,0
1851,MNF-Pot-10,US,43.595,-86.2657,Diane Byers,,CS78978,Arabidopsis thaliana,,0
1852,MNF-Pot-15,US,43.595,-86.2657,Diane Byers,,CS78979,Arabidopsis thaliana,,0
1853,MNF-Pot-21,US,43.595,-86.2657,Diane Byers,,CS77099,Arabidopsis thaliana,,12
1872,MNF-Pot-75,US,43.595,-86.2657,Diane Byers,,CS77100,Arabidopsis thaliana,,491
1890,MNF-Riv-21,US,43.5139,-86.1859,Diane Byers,,CS77101,Arabidopsis thaliana,,36
1925,MNF-Che-2,US,43.5251,-86.1843,Diane Byers,,CS77096,Arabidopsis thaliana,,631
1942,MNF-Che-47,US,43.5251,-86.1843,Diane Byers,,CS78980,Arabidopsis thaliana,,0
1943,MNF-Che-49,US,43.5251,-86.1843,Diane Byers,,CS78981,Arabidopsis thaliana,,0
1954,MNF-Jac-12,US,43.5187,-86.1739,Diane Byers,,CS77097,Arabidopsis thaliana,,36
2016,MNF-Pin-39,US,43.5356,-86.1788,Diane Byers,,CS77098,Arabidopsis thaliana,,494
2017,MNF-Pin-40,US,43.5356,-86.1788,Diane Byers,,CS78982,Arabidopsis thaliana,,0
2031,Map-8,US,42.166,-86.412,Diane Byers,,CS78983,Arabidopsis thaliana,,0
2053,Map-35,US,42.166,-86.412,Diane Byers,,CS78984,Arabidopsis thaliana,,0
2057,Map-42,US,42.166,-86.412,Diane Byers,,CS77732,Arabidopsis thaliana,,694
2081,MuskSP-68,US,43.2483,-86.3368,Diane Byers,,CS78985,Arabidopsis thaliana,,0
2091,MuskSP-83,US,43.2483,-86.3368,Diane Byers,,CS78986,Arabidopsis thaliana,,7
2106,MSGA-10,US,43.2749,-86.0891,Diane Byers,,CS78987,Arabidopsis thaliana,,0
2108,MSGA-12,US,43.2749,-86.0891,Diane Byers,,CS78988,Arabidopsis thaliana,,0
2141,MSGA-61,US,43.2749,-86.0891,Diane Byers,,CS78989,Arabidopsis thaliana,,7
2159,Paw-13,US,42.148,-86.431,Diane Byers,,CS78990,Arabidopsis thaliana,,0
2166,Paw-20,US,42.148,-86.431,Diane Byers,,CS78991,Arabidopsis thaliana,,0
2171,Paw-26,US,42.148,-86.431,Diane Byers,,CS77164,Arabidopsis thaliana,,583
2191,Pent-7,US,43.7623,-86.3929,Diane Byers,,CS78992,Arabidopsis thaliana,,0
2202,Pent-23,US,43.7623,-86.3929,Diane Byers,,CS77168,Arabidopsis thaliana,,12
2212,Pent-46,US,43.7623,-86.3929,Diane Byers,,CS78993,Arabidopsis thaliana,,7
2239,Riv-25,US,42.184,-86.382,Diane Byers,,CS78994,Arabidopsis thaliana,,0
2240,Riv-26,US,42.184,-86.382,Diane Byers,,CS78995,Arabidopsis thaliana,,7
2276,SLSP-31,US,43.665,-86.496,Diane Byers,,CS77254,Arabidopsis thaliana,,12
2278,SLSP-35,US,43.665,-86.496,Diane Byers,,CS77255,Arabidopsis thaliana,,12
2285,SLSP-69,US,43.665,-86.496,Diane Byers,,CS78996,Arabidopsis thaliana,,0
2286,SLSP-67,US,43.665,-86.496,Diane Byers,,CS78997,Arabidopsis thaliana,,0
2317,Ste-40,US,42.03,-86.514,Diane Byers,,CS77278,Arabidopsis thaliana,,33
2370,Yng-4,US,41.865,-86.646,Diane Byers,,CS78998,Arabidopsis thaliana,,0
2412,Yng-53,US,41.865,-86.646,Diane Byers,,CS78999,Arabidopsis thaliana,,0
4779,UKSW06-179,UK,50.4,-4.9,Eric Holub,,CS78808,Arabidopsis thaliana,,11
4807,UKSW06-207,UK,50.4,-4.9,Eric Holub,,CS78809,Arabidopsis thaliana,,19
4826,UKSW06-226,UK,50.4,-4.9,Eric Holub,,CS78810,Arabidopsis thaliana,,19
4840,UKSW06-240,UK,50.4,-4.9,Eric Holub,,CS79000,Arabidopsis thaliana,,0
4857,UKSW06-257,UK,50.3,-4.9,Eric Holub,,CS79001,Arabidopsis thaliana,,0
4884,UKSW06-285,UK,50.3,-4.9,Eric Holub,,CS78811,Arabidopsis thaliana,,12
4900,UKSW06-302,UK,50.3,-4.8,Eric Holub,,CS78812,Arabidopsis thaliana,,12
4939,UKSW06-341,UK,50.4,-4.7,Eric Holub,,CS79002,Arabidopsis thaliana,,0
4958,UKSW06-360,UK,50.5,-4.5,Eric Holub,,CS78814,Arabidopsis thaliana,,133
5023,UKSE06-118,UK,51.3,0.5,Eric Holub,,CS78799,Arabidopsis thaliana,,25
5104,UKSE06-252,UK,51.3,0.5,Eric Holub,,CS78800,Arabidopsis thaliana,,12
5151,UKSE06-325,UK,52.2,-1.7,Eric Holub,,CS78801,Arabidopsis thaliana,,142
5165,UKSE06-362,UK,51.3,0.4,Eric Holub,,CS78802,Arabidopsis thaliana,,152
5210,UKSE06-432,UK,51.2,0.3,Eric Holub,,CS78803,Arabidopsis thaliana,,12
5236,UKSE06-470,UK,51.2,0.4,Eric Holub,,CS78804,Arabidopsis thaliana,,12
5249,UKSE06-491,UK,51.2,0.3,Eric Holub,,CS79003,Arabidopsis thaliana,,0
5253,UKSE06-500,UK,51.1,0.6,Eric Holub,,CS78805,Arabidopsis thaliana,,24
5276,UKSE06-533,UK,51.3,1.1,Eric Holub,,CS78806,Arabidopsis thaliana,,17
5279,UKSE06-541,UK,51.3,1.1,Eric Holub,,CS79004,Arabidopsis thaliana,,0
5349,UKSE06-639,UK,51.1,0.4,Eric Holub,,CS78807,Arabidopsis thaliana,,141
5353,UKNW06-003,UK,54.5,-3.0,Eric Holub,,CS78792,Arabidopsis thaliana,,147
5395,UKNW06-102,UK,54.4,-3.0,Eric Holub,,CS79005,Arabidopsis thaliana,,0
5486,UKNW06-233,UK,54.6,-3.3,Eric Holub,,CS78794,Arabidopsis thaliana,,140
5577,UKNW06-403,UK,54.7,-3.4,Eric Holub,,CS78797,Arabidopsis thaliana,,129
5644,UKNW06-481,UK,54.4,-2.9,Eric Holub,,CS78798,Arabidopsis thaliana,,17
5651,UKNW06-488,UK,54.4,-2.9,Eric Holub,,CS79006,Arabidopsis thaliana,,0
5717,Bra-1,UK,54.6,-3.2,Eric Holub,,CS79007,Arabidopsis thaliana,,489
5718,UKID11,UK,57.0,-3.4,Eric Holub,,CS79008,Arabidopsis thaliana,,7
5720,Cal-2,UK,53.3,-1.6,D. Ratcliffe,,CS78781,Arabidopsis thaliana,,501
5726,Cnt-1,UK,51.3,1.1,Eric Holub,,CS78782,Arabidopsis thaliana,,24
5741,For-2,UK,56.6,-4.1,D. Ratcliffe,,CS78783,Arabidopsis thaliana,,132
5748,Kil-0,UK,56.0,-4.4,D. Ratcliffe,,CS78784,Arabidopsis thaliana,,18
5757,Mc-1,UK,54.6,-2.3,D. Ratcliffe,,CS78785,Arabidopsis thaliana,,12
5768,UKID63,UK,54.1,-1.5,Eric Holub,,CS78786,Arabidopsis thaliana,,143
5772,Set-1,UK,54.1,-2.3,D. Ratcliffe,,CS78787,Arabidopsis thaliana,,144
5776,UKID71,UK,52.9,-1.3,Eric Holub,,CS79009,Arabidopsis thaliana,,0
5779,UKID74,UK,51.0,-3.1,Eric Holub,,CS78789,Arabidopsis thaliana,,133
5784,Ty-1,UK,56.4,-5.2,D. Ratcliffe,,CS78790,Arabidopsis thaliana,,627
5798,UKID93,UK,53.1,-3.3,Eric Holub,,CS79010,Arabidopsis thaliana,,0
5800,UKID96,UK,57.4,-5.5,Eric Holub,,CS78791,Arabidopsis thaliana,,141
5811,UKID107,UK,52.9,-3.1,Eric Holub,,CS78778,Arabidopsis thaliana,,142
5822,UKID116,UK,56.7333,-5.98333,Eric Holub,,CS78780,Arabidopsis thaliana,,18
5830,App1-12,Sweden,56.3333,15.9667,Magnus Nordborg,,CS76667,Arabidopsis thaliana,,29
5831,App1-14,Sweden,56.3333,15.9667,Magnus Nordborg,,CS76668,Arabidopsis thaliana,,509
5832,App1-16,Sweden,56.3333,15.9667,Magnus Nordborg,,CS76669,Arabidopsis thaliana,,644
5836,Boo2-3,Sweden,55.86,13.51,Magnus Nordborg,,CS77906,Arabidopsis thaliana,,494
5837,Bor-1,Czech Republic,49.4013,16.2326,Jirina Relichov,,CS76453,Arabidopsis thaliana,,851
5856,Dör-10,Sweden,63.0167,17.4914,Magnus Nordborg,,CS76806,Arabidopsis thaliana,,623
5860,Dra-3,Sweden,62.6814,18.0165,Magnus Nordborg,,CS77913,Arabidopsis thaliana,,13
5865,Dra1-4,Sweden,55.76,14.12,Magnus Nordborg,,CS76809,Arabidopsis thaliana,,512
5867,Dra2-1,Sweden,55.76,14.12,Magnus Nordborg,,CS76810,Arabidopsis thaliana,,516
5874,DraII-6,Czech Republic,49.4112,16.2815,Jirina Relichov,,CS76814,Arabidopsis thaliana,,24
5890,DraIV 1-8,Czech Republic,49.4112,16.2815,Jirina Relichov,,CS76817,Arabidopsis thaliana,,24
5893,DraIV 1-11,Czech Republic,49.4112,16.2815,Jirina Relichov,,CS76816,Arabidopsis thaliana,,503
5907,DraIV 2-9,Czech Republic,49.4112,16.2815,Jirina Relichov,,CS76818,Arabidopsis thaliana,,30
5921,DraIV 3-7,Czech Republic,49.4112,16.2815,Jirina Relichov,,CS76819,Arabidopsis thaliana,,12
5950,DraIV 5-12,Czech Republic,49.4112,16.2815,Jirina Relichov,,CS76820,Arabidopsis thaliana,,24
5984,DraIV 6-13,Czech Republic,49.4112,16.2815,Jirina Relichov,,CS76822,Arabidopsis thaliana,,506
5993,DraIV 6-22,Czech Republic,49.4112,16.2815,Jirina Relichov,,CS76823,Arabidopsis thaliana,,19
6008,Duk,Czech Republic,49.1,16.2,Jirina Relichov,,CS76824,Arabidopsis thaliana,,696
6009,Eden-1,Sweden,62.877,18.177,Magnus Nordborg,,CS76826,Arabidopsis thaliana,,626
6010,Eden-5,Sweden,62.877,18.177,Magnus Nordborg,,CS78000,Arabidopsis thaliana,,482
6011,Eden-6,Sweden,62.877,18.177,Magnus Nordborg,,CS76828,Arabidopsis thaliana,,504
6012,Eden-7,Sweden,62.877,18.177,Magnus Nordborg,,CS76829,Arabidopsis thaliana,,15
6013,Eden-9,Sweden,62.877,18.177,Magnus Nordborg,,CS76830,Arabidopsis thaliana,,30
6016,Eds-1,Sweden,62.9,18.4,Magnus Nordborg,,CS76834,Arabidopsis thaliana,,634
6017,Eds-9,Sweden,62.9,18.4,Magnus Nordborg,,CS76835,Arabidopsis thaliana,,493
6019,Fjä1-2,Sweden,56.06,14.29,Magnus Nordborg,,CS76860,Arabidopsis thaliana,,623
6020,Fjä1-5,Sweden,56.06,14.29,Magnus Nordborg,,CS76861,Arabidopsis thaliana,,144
6021,Fjä2-4,Sweden,56.06,14.29,Magnus Nordborg,,CS76862,Arabidopsis thaliana,,352
6022,Fjä2-6,Sweden,56.06,14.29,Magnus Nordborg,,CS78009,Arabidopsis thaliana,,494
6023,Fly2-1,Sweden,55.7509,13.3712,Magnus Nordborg,,CS76863,Arabidopsis thaliana,,520
6024,Fly2-2,Sweden,55.7509,13.3712,Magnus Nordborg,,CS76864,Arabidopsis thaliana,,510
6025,Gro-3,Sweden,62.6437,17.7339,Magnus Nordborg,,CS76889,Arabidopsis thaliana,,634
6030,Grön-5,Sweden,62.806,18.1896,Magnus Nordborg,,CS76893,Arabidopsis thaliana,,511
6034,Hov1-7,Sweden,56.1,13.74,Magnus Nordborg,,CS76932,Arabidopsis thaliana,,511
6035,Hov1-10,Sweden,56.1,13.74,Magnus Nordborg,,CS76931,Arabidopsis thaliana,,509
6036,Hov3-2,Sweden,56.1,13.74,Magnus Nordborg,,CS76934,Arabidopsis thaliana,,27
6038,Hov3-5,Sweden,56.1,13.74,Magnus Nordborg,,CS76935,Arabidopsis thaliana,,515
6039,Hovdala-2,Sweden,56.1,13.74,Torbjorn Sall,,CS76937,Arabidopsis thaliana,,177
6040,Kni-1,Sweden,55.66,13.4,Magnus Nordborg,,CS76970,Arabidopsis thaliana,,808
6041,Lis-3,Sweden,56.0328,14.775,Magnus Nordborg,,CS77044,Arabidopsis thaliana,,505
6042,Lom1-1,Sweden,56.09,13.9,Magnus Nordborg,,CS77048,Arabidopsis thaliana,,353
6043,Löv-1,Sweden,62.801,18.079,Magnus Nordborg,,CS77049,Arabidopsis thaliana,,142
6046,Löv-5,Sweden,62.801,18.079,Magnus Nordborg,,CS77050,Arabidopsis thaliana,,719
6064,Nyl-2,Sweden,62.9513,18.2763,Magnus Nordborg,,CS77136,Arabidopsis thaliana,,563
6069,Nyl-7,Sweden,62.9513,18.2763,Magnus Nordborg,,CS77137,Arabidopsis thaliana,,506
6070,Omn-1,Sweden,62.9308,18.3448,Magnus Nordborg,,CS77145,Arabidopsis thaliana,,10
6071,Omn-5,Sweden,62.9308,18.3448,Magnus Nordborg,,CS77146,Arabidopsis thaliana,,17
6073,ÖMö1-7,Sweden,56.1481,15.8155,Magnus Nordborg,,CS77147,Arabidopsis thaliana,,632
6074,Ör-1,Sweden,56.4573,16.1308,Magnus Nordborg,,CS77150,Arabidopsis thaliana,,403
6076,Rev-2,Sweden,55.6942,13.4504,Magnus Nordborg,,CS77215,Arabidopsis thaliana,,633
6077,Rev-3,Sweden,55.6942,13.4504,Magnus Nordborg,,CS78030,Arabidopsis thaliana,,490
6085,Sparta-1,Sweden,55.7097,13.2145,Magnus Nordborg,,CS77260,Arabidopsis thaliana,,725
6086,Sr:3,Sweden,58.9,11.2,Ivo Cetl,,CS77267,Arabidopsis thaliana,,519
6087,Stu-2,Sweden,56.4666,16.1284,Magnus Nordborg,,CS78033,Arabidopsis thaliana,,494
6088,Stu1-1,Sweden,56.4666,16.1284,Magnus Nordborg,,CS77285,Arabidopsis thaliana,,29
6090,T1000,Sweden,55.6525,13.2197,Mattias Jakobsson,,CS77288,Arabidopsis thaliana,,624
6091,T1010,Sweden,55.6525,13.215,Mattias Jakobsson,,CS78035,Arabidopsis thaliana,,494
6092,T1020,Sweden,55.6514,13.2233,Mattias Jakobsson,,CS77289,Arabidopsis thaliana,,630
6094,T1040,Sweden,55.6494,13.2147,Mattias Jakobsson,,CS77290,Arabidopsis thaliana,,238
6095,T1050,Sweden,55.6486,13.2161,Mattias Jakobsson,,CS78039,Arabidopsis thaliana,,487
6096,T1060,Sweden,55.6472,13.2225,Mattias Jakobsson,,CS78040,Arabidopsis thaliana,,125
6097,T1070,Sweden,55.6481,13.2264,Mattias Jakobsson,,CS77291,Arabidopsis thaliana,,632
6098,T1080,Sweden,55.6561,13.2178,Mattias Jakobsson,,CS77292,Arabidopsis thaliana,,764
6099,T1090,Sweden,55.6575,13.2386,Mattias Jakobsson,,CS77293,Arabidopsis thaliana,,624
6100,T1110,Sweden,55.6,13.2,Mattias Jakobsson,,CS77294,Arabidopsis thaliana,,164
6101,T1120,Sweden,55.6,13.2,Mattias Jakobsson,,CS78045,Arabidopsis thaliana,,0
6102,T1130,Sweden,55.6,13.2,Mattias Jakobsson,,CS77295,Arabidopsis thaliana,,30
6104,T1160,Sweden,55.7,13.2,Mattias Jakobsson,,CS77296,Arabidopsis thaliana,,514
6105,T450,Sweden,55.7967,13.1211,Mattias Jakobsson,,CS77297,Arabidopsis thaliana,,145
6106,T460,Sweden,55.7931,13.1186,Mattias Jakobsson,,CS77298,Arabidopsis thaliana,,637
6107,T470,Sweden,55.7942,13.1222,Mattias Jakobsson,,CS77299,Arabidopsis thaliana,,621
6108,T480,Sweden,55.7989,13.1206,Mattias Jakobsson,,CS77300,Arabidopsis thaliana,,144
6109,T510,Sweden,55.7936,13.1233,Mattias Jakobsson,,CS77301,Arabidopsis thaliana,,721
6111,T530,Sweden,55.7989,13.1219,Mattias Jakobsson,,CS77302,Arabidopsis thaliana,,609
6112,T540,Sweden,55.7967,13.1044,Mattias Jakobsson,,CS77303,Arabidopsis thaliana,,760
6113,T550,Sweden,55.8078,13.1028,Mattias Jakobsson,,CS77304,Arabidopsis thaliana,,12
6114,T570,Sweden,55.8097,13.1342,Mattias Jakobsson,,CS77305,Arabidopsis thaliana,,631
6115,T580,Sweden,55.8,13.1367,Mattias Jakobsson,,CS77306,Arabidopsis thaliana,,623
6118,T610,Sweden,55.7,13.2,Mattias Jakobsson,,CS77307,Arabidopsis thaliana,,499
6119,T620,Sweden,55.7,13.2,Mattias Jakobsson,,CS78060,Arabidopsis thaliana,,590
6122,T670,Sweden,55.8364,13.3075,Mattias Jakobsson,,CS77308,Arabidopsis thaliana,,629
6123,T680,Sweden,55.8369,13.3033,Mattias Jakobsson,,CS78064,Arabidopsis thaliana,,494
6124,T690,Sweden,55.8378,13.3092,Mattias Jakobsson,,CS77309,Arabidopsis thaliana,,541
6125,T710,Sweden,55.8403,13.3106,Mattias Jakobsson,,CS77310,Arabidopsis thaliana,,630
6126,T720,Sweden,55.8411,13.3047,Mattias Jakobsson,,CS77311,Arabidopsis thaliana,,137
6128,T740,Sweden,55.8397,13.2881,Mattias Jakobsson,,CS77313,Arabidopsis thaliana,,615
6131,T780,Sweden,55.8369,13.3181,Mattias Jakobsson,,CS77315,Arabidopsis thaliana,,620
6132,T790,Sweden,55.8386,13.3186,Mattias Jakobsson,,CS77316,Arabidopsis thaliana,,632
6133,T800,Sweden,55.8364,13.2906,Mattias Jakobsson,,CS77317,Arabidopsis thaliana,,619
6134,T810,Sweden,55.8383,13.2906,Mattias Jakobsson,,CS77318,Arabidopsis thaliana,,623
6136,T840,Sweden,55.9336,13.5519,Mattias Jakobsson,,CS77319,Arabidopsis thaliana,,630
6137,T850,Sweden,55.9419,13.5603,Mattias Jakobsson,,CS77320,Arabidopsis thaliana,,629
6138,T860,Sweden,55.9403,13.5511,Mattias Jakobsson,,CS77321,Arabidopsis thaliana,,636
6140,T880,Sweden,55.9392,13.5539,Mattias Jakobsson,,CS77322,Arabidopsis thaliana,,627
6141,T890,Sweden,55.9414,13.5542,Mattias Jakobsson,,CS78079,Arabidopsis thaliana,,487
6142,T900,Sweden,55.9428,13.5558,Mattias Jakobsson,,CS77323,Arabidopsis thaliana,,639
6145,T930,Sweden,55.9497,13.5533,Mattias Jakobsson,,CS77324,Arabidopsis thaliana,,627
6148,T960,Sweden,55.9319,13.5508,Mattias Jakobsson,,CS77325,Arabidopsis thaliana,,489
6149,T970,Sweden,55.9281,13.5481,Mattias Jakobsson,,CS77326,Arabidopsis thaliana,,622
6150,T980,Sweden,55.9261,13.5319,Mattias Jakobsson,,CS77327,Arabidopsis thaliana,,643
6151,T990,Sweden,55.6528,13.2244,Mattias Jakobsson,,CS77328,Arabidopsis thaliana,,634
6153,TAA 03,Sweden,62.6425,17.7422,Mattias Jakobsson,,CS77329,Arabidopsis thaliana,,14
6154,TAA 04,Sweden,62.6422,17.7406,Mattias Jakobsson,,CS77330,Arabidopsis thaliana,,500
6163,TAA 14,Sweden,62.6425,17.7356,Mattias Jakobsson,,CS77331,Arabidopsis thaliana,,489
6166,TAA 17,Sweden,62.6425,17.7372,Mattias Jakobsson,,CS77332,Arabidopsis thaliana,,10
6169,TÅD 01,Sweden,62.8714,18.3447,Mattias Jakobsson,,CS77333,Arabidopsis thaliana,,751
6172,TÅD 04,Sweden,62.8717,18.3436,Mattias Jakobsson,,CS77335,Arabidopsis thaliana,,627
6173,TÅD 05,Sweden,62.8717,18.3419,Mattias Jakobsson,,CS77336,Arabidopsis thaliana,,144
6174,TÅD 06,Sweden,62.8719,18.3422,Mattias Jakobsson,,CS77337,Arabidopsis thaliana,,131
6177,TÄL 03,Sweden,62.6322,17.69,Mattias Jakobsson,,CS77338,Arabidopsis thaliana,,632
6180,TÄL 07,Sweden,62.6322,17.6906,Mattias Jakobsson,,CS77339,Arabidopsis thaliana,,638
6184,TBÖ 01,Sweden,62.8892,18.4522,Mattias Jakobsson,,CS77343,Arabidopsis thaliana,,629
6188,TDr-1,Sweden,55.7683,14.1386,Mattias Jakobsson,,CS77345,Arabidopsis thaliana,,768
6189,TDr-2,Sweden,55.7686,14.1383,Mattias Jakobsson,,CS77351,Arabidopsis thaliana,,633
6191,TDr-4,Sweden,55.7689,14.1375,Mattias Jakobsson,,CS77352,Arabidopsis thaliana,,626
6192,TDr-5,Sweden,55.7692,14.1369,Mattias Jakobsson,,CS77353,Arabidopsis thaliana,,138
6193,TDr-7,Sweden,55.7694,14.1347,Mattias Jakobsson,,CS77354,Arabidopsis thaliana,,153
6194,TDr-8,Sweden,55.7706,14.1342,Mattias Jakobsson,,CS77355,Arabidopsis thaliana,,750
6195,TDr-9,Sweden,55.7708,14.1342,Mattias Jakobsson,,CS77356,Arabidopsis thaliana,,635
6198,TDr-13,Sweden,55.7708,14.1331,Mattias Jakobsson,,CS77347,Arabidopsis thaliana,,139
6201,TDr-16,Sweden,55.7719,14.1211,Mattias Jakobsson,,CS77348,Arabidopsis thaliana,,640
6202,TDr-17,Sweden,55.7717,14.1206,Mattias Jakobsson,,CS77349,Arabidopsis thaliana,,665
6203,TDr-18,Sweden,55.7714,14.1208,Mattias Jakobsson,,CS77350,Arabidopsis thaliana,,726
6209,TEDEN 02,Sweden,62.8836,18.1842,Mattias Jakobsson,,CS77358,Arabidopsis thaliana,,636
6210,TEDEN 03,Sweden,62.8839,18.1836,Mattias Jakobsson,,CS77359,Arabidopsis thaliana,,638
6214,TFÄ 04,Sweden,63.0175,18.3281,Mattias Jakobsson,,CS78121,Arabidopsis thaliana,,483
6216,TFÄ 06,Sweden,63.0167,18.3283,Mattias Jakobsson,,CS77362,Arabidopsis thaliana,,611
6217,TFÄ 07,Sweden,63.0169,18.3283,Mattias Jakobsson,,CS77363,Arabidopsis thaliana,,622
6218,TFÄ 08,Sweden,63.0172,18.3283,Mattias Jakobsson,,CS77364,Arabidopsis thaliana,,612
6220,TGR 01,Sweden,62.806,18.1896,Mattias Jakobsson,,CS77365,Arabidopsis thaliana,,498
6221,TGR 02,Sweden,62.806,18.1896,Mattias Jakobsson,,CS77366,Arabidopsis thaliana,,491
6231,TNY 04,Sweden,62.96,18.2844,Mattias Jakobsson,,CS77368,Arabidopsis thaliana,,498
6235,TOM 01,Sweden,62.9611,18.3589,Mattias Jakobsson,,CS77372,Arabidopsis thaliana,,616
6237,TOM 03,Sweden,62.9619,18.35,Mattias Jakobsson,,CS77373,Arabidopsis thaliana,,497
6238,TOM 04,Sweden,62.9619,18.35,Mattias Jakobsson,,CS77374,Arabidopsis thaliana,,11
6240,TOM 06,Sweden,62.9622,18.35,Mattias Jakobsson,,CS77375,Arabidopsis thaliana,,505
6241,TOM 07,Sweden,62.9614,18.3608,Mattias Jakobsson,,CS77376,Arabidopsis thaliana,,497
6242,Tomegap-2,Sweden,55.7,13.2,Mattias Jakobsson,,CS77377,Arabidopsis thaliana,,611
6243,Tottarp-2,Sweden,56.27373,13.90045,Magnus Nordborg,,CS77381,Arabidopsis thaliana,,914
6244,TRÄ 01,Sweden,62.9169,18.4728,Mattias Jakobsson,,CS77384,Arabidopsis thaliana,,634
6252,TV-4,Sweden,55.5796,14.3336,Mattias Jakobsson,,CS78771,Arabidopsis thaliana,,10
6255,TV-7,Sweden,55.5796,14.334,Mattias Jakobsson,,CS78772,Arabidopsis thaliana,,493
6258,TV-10,Sweden,55.5796,14.3336,Mattias Jakobsson,,CS78767,Arabidopsis thaliana,,503
6268,TV-22,Sweden,55.5796,14.3336,Mattias Jakobsson,,CS78768,Arabidopsis thaliana,,504
6276,TV-30,Sweden,55.5796,14.3336,Mattias Jakobsson,,CS78769,Arabidopsis thaliana,,497
6284,TV-38,Sweden,55.5796,14.3336,Mattias Jakobsson,,CS78770,Arabidopsis thaliana,,498
6296,UduI 1-11,Czech Republic,49.2771,16.6314,Jirina Relichov,,CS78774,Arabidopsis thaliana,,25
6390,UduI 3-36,Czech Republic,49.2771,16.6314,Jirina Relichov,,CS78775,Arabidopsis thaliana,,24
6396,UduI 4-9,Czech Republic,49.2771,16.6314,Jirina Relichov,,CS78776,Arabidopsis thaliana,,506
6413,Ull3-4,Sweden,56.06,13.97,Magnus Nordborg,,CS78819,Arabidopsis thaliana,,140
6424,ZdrI 1-23,Czech Republic,49.3853,16.2544,Jirina Relichov,,CS78875,Arabidopsis thaliana,,29
6434,ZdrI 2-9,Czech Republic,49.3853,16.2544,Jirina Relichov,,CS78877,Arabidopsis thaliana,,24
6445,ZdrI 2-21,Czech Republic,49.3853,16.2544,Jirina Relichov,,CS78876,Arabidopsis thaliana,,29
6680,ANH-1,GER,51.85,6.4333,Gerhard Röbbelen,,CS76437,Arabidopsis thaliana,,133
6739,CSHL-15,US,40.8585,-73.4675,Catherine Weiss,,CS79011,Arabidopsis thaliana,,16
6740,CSHL-17,US,40.8585,-73.4675,Catherine Weiss,,CS79012,Arabidopsis thaliana,,0
6744,CSHL-5,US,40.8585,-73.4675,Catherine Weiss,,CS76779,Arabidopsis thaliana,,156
6749,FM-10,US,42.4489,-76.5072,Michael Nachman,,CS79013,Arabidopsis thaliana,,0
6750,FM-11,US,42.4489,-76.5072,Michael Nachman,,CS79014,Arabidopsis thaliana,,0
6805,HS-12,US,42.373,-71.0627,Toby Kellogg,,CS79015,Arabidopsis thaliana,,0
6806,HS-17,US,42.373,-71.0627,Toby Kellogg,,CS79016,Arabidopsis thaliana,,0
6814,KNO-15,US,41.2816,-86.621,Joy Bergelson,,CS79017,Arabidopsis thaliana,,0
6830,Kz-13,Kazakhstan,49.5,73.1,Ihsan Al-Shehbaz,,CS76994,Arabidopsis thaliana,,54
6897,Ag-0,France,45.0,1.3,Albert Kranz,,CS76430,Arabidopsis thaliana,,960
6898,An-1,Belgium,51.2167,4.4,Albert Kranz,,CS76435,Arabidopsis thaliana,,999
6900,Bil-5,Sweden,63.324,18.484,Magnus Nordborg,,CS76709,Arabidopsis thaliana,,616
6901,Bil-7,Sweden,63.324,18.484,Magnus Nordborg,,CS76710,Arabidopsis thaliana,,125
6903,Bor-4,Czech Republic,49.4013,16.2326,Jirina Relichov,,CS76454,Arabidopsis thaliana,,858
6904,Br-0,Czech Republic,49.2,16.6166,Albert Kranz,,CS76455,Arabidopsis thaliana,,590
6907,CIBC-17,UK,51.4083,-0.6383,Mick Crawley,,CS76770,Arabidopsis thaliana,,777
6908,CIBC-5,UK,51.4083,-0.6383,Mick Crawley,,CS78894,Arabidopsis thaliana,,147
6909,Col-0,US,38.3,-92.3,Albert Kranz,,CS76778,Arabidopsis thaliana,,886
6911,Cvi-0,Cape Verde,15.1111,-23.6167,Albert Kranz,,CS76789,Arabidopsis thaliana,,821
6913,Eden-2,Sweden,62.877,18.177,Magnus Nordborg,,CS76827,Arabidopsis thaliana,,811
6915,Ei-2,GER,50.3,6.3,Albert Kranz,,CS76478,Arabidopsis thaliana,,414
6917,Fäb-2,Sweden,63.0165,18.3174,Magnus Nordborg,,CS76850,Arabidopsis thaliana,,632
6918,Fäb-4,Sweden,63.0165,18.3174,Magnus Nordborg,,CS76851,Arabidopsis thaliana,,156
6919,Ga-0,GER,50.3,8.0,Albert Kranz,,CS76490,Arabidopsis thaliana,,866
6920,Got-22,GER,51.5338,9.9355,Gerhard Röbbelen,,CS76884,Arabidopsis thaliana,,671
6922,Gu-0,GER,50.3,8.0,Albert Kranz,,CS76498,Arabidopsis thaliana,,719
6923,HR-10,UK,51.4083,-0.6383,Mick Crawley,,CS76940,Arabidopsis thaliana,,685
6924,HR-5,UK,51.4083,-0.6383,Mick Crawley,,CS76514,Arabidopsis thaliana,,812
6926,Kin-0,US,44.46,-85.37,Albert Kranz,,CS76527,Arabidopsis thaliana,,860
6927,KNO-10,US,41.2816,-86.621,Joy Bergelson,,CS76973,Arabidopsis thaliana,,112
6929,Kondara,Tajikistan,38.48,68.49,Igor Vizir,,CS76532,Arabidopsis thaliana,,859
6931,Kz-9,Kazakhstan,49.5,73.1,Ihsan Al-Shehbaz,,CS76537,Arabidopsis thaliana,,756
6932,Ler-1,GER,47.984,10.8719,Eric Holub,,CS77021,Arabidopsis thaliana,,893
6933,LL-0,Spain,41.59,2.49,Albert Kranz,,CS77047,Arabidopsis thaliana,,743
6938,Ms-0,Russia,55.7522,37.6322,Albert Kranz,,CS76555,Arabidopsis thaliana,,744
6940,Mz-0,GER,50.3,8.3,Albert Kranz,,CS76557,Arabidopsis thaliana,,986
6943,NFA-10,UK,51.4083,-0.6383,Mick Crawley,,CS77126,Arabidopsis thaliana,,820
6944,NFA-8,UK,51.4083,-0.6383,Mick Crawley,,CS78913,Arabidopsis thaliana,,856
6945,Nok-3,NED,52.24,4.45,Albert Kranz,,CS76562,Arabidopsis thaliana,,813
6951,Pu2-23,Czech Republic,49.42,16.36,Ivo Cetl,,CS76579,Arabidopsis thaliana,,857
6956,Pu2-7,Czech Republic,49.42,16.36,Ivo Cetl,,CS76580,Arabidopsis thaliana,,752
6957,Pu2-8,Czech Republic,49.42,16.36,Ivo Cetl,,CS77192,Arabidopsis thaliana,,574
6958,Ra-0,France,46.0,3.3,Albert Kranz,,CS76582,Arabidopsis thaliana,,949
6959,Rennes-1,France,48.5,-1.41,Gerhard Röbbelen,,CS77210,Arabidopsis thaliana,,855
6960,Rennes-11,France,48.5,-1.41,Gerhard Röbbelen,,CS77211,Arabidopsis thaliana,,719
6961,Se-0,Spain,38.3333,-3.53333,Albert Kranz,,CS76597,Arabidopsis thaliana,,511
6963,Sorbo,Tajikistan,38.35,68.48,Igor Vizir,,CS78917,Arabidopsis thaliana,,903
6966,Sq-1,UK,51.4083,-0.6383,Mick Crawley,,CS77266,Arabidopsis thaliana,,521
6967,Sq-8,UK,51.4083,-0.6383,Mick Crawley,,CS76604,Arabidopsis thaliana,,825
6968,Tamm-2,Finland,60.0,23.5,Outi Savolainen,,CS76610,Arabidopsis thaliana,,838
6969,Tamm-27,Finland,60.0,23.5,Outi Savolainen,,CS77341,Arabidopsis thaliana,,631
6970,Ts-1,Spain,41.7194,2.93056,Albert Kranz,,CS76615,Arabidopsis thaliana,,340
6971,Ts-5,Spain,41.7194,2.93056,Albert Kranz,,CS77388,Arabidopsis thaliana,,683
6973,Ull2-3,Sweden,56.0648,13.9707,Magnus Nordborg,,CS78817,Arabidopsis thaliana,,835
6974,Ull2-5,Sweden,56.0648,13.9707,Magnus Nordborg,,CS78818,Arabidopsis thaliana,,501
6975,Uod-1,Austria,48.3,14.45,Marcus Koch,,CS76621,Arabidopsis thaliana,,725
6976,Uod-7,Austria,48.3,14.45,Marcus Koch,,CS78823,Arabidopsis thaliana,,791
6979,Wei-0,SUI,47.25,8.26,Alan Slusarenko,,CS76628,Arabidopsis thaliana,,972
6981,Ws-2,Russia,52.3,30.0,Kenneth Feldmann,,CS78920,Arabidopsis thaliana,,753
6982,Wt-5,GER,52.3,9.3,Albert Kranz,,CS76632,Arabidopsis thaliana,,877
6984,Zdr-1,Czech Republic,49.3853,16.2544,Jirina Relichov,,CS76635,Arabidopsis thaliana,,723
6986,Abd-0,UK,57.1539,-2.2207,R. Mitchelson,,CS76429,Arabidopsis thaliana,,178
6987,Ak-1,GER,48.0683,7.62551,Albert Kranz,,CS76431,Arabidopsis thaliana,,719
6989,Alst-1,UK,54.8,-2.4333,Maarten Koornneef,,CS76432,Arabidopsis thaliana,,786
6990,Amel-1,NED,53.448,5.73,Maarten Koornneef,,CS76434,Arabidopsis thaliana,,815
6992,Ang-0,Belgium,50.3,5.3,Albert Kranz,,CS76436,Arabidopsis thaliana,,844
6997,Appt-1,NED,51.8333,5.5833,Maarten Koornneef,,CS76440,Arabidopsis thaliana,,167
7000,Aa-0,GER,50.9167,9.57073,Albert Kranz,,CS76428,Arabidopsis thaliana,,889
7002,Baa-1,NED,51.3333,6.1,Maarten Koornneef,,CS76442,Arabidopsis thaliana,,853
7003,Bs-1,SUI,47.5,7.5,Albert Kranz,,CS78888,Arabidopsis thaliana,,167
7008,Benk-1,NED,52.0,5.675,Maarten Koornneef,,CS76447,Arabidopsis thaliana,,348
7013,Bd-0,GER,52.4584,13.287,Albert Kranz,,CS76445,Arabidopsis thaliana,,686
7014,Ba-1,UK,56.5459,-4.79821,Albert Kranz,,CS76441,Arabidopsis thaliana,,325
7025,Bl-1,Italy,44.5041,11.3396,Albert Kranz,,CS76450,Arabidopsis thaliana,,208
7026,Boot-1,UK,54.4,-3.2667,Maarten Koornneef,,CS76452,Arabidopsis thaliana,,388
7028,Bch-1,GER,49.5166,9.3166,Albert Kranz,,CS76444,Arabidopsis thaliana,,764
7031,Bsch-0,GER,50.0167,8.6667,Albert Kranz,,CS76457,Arabidopsis thaliana,,350
7033,Buckhorn Pass,US,41.3599,-122.755,Angus Murphy,,CS76733,Arabidopsis thaliana,,52
7036,Bu-0,GER,50.5,9.5,Albert Kranz,,CS78889,Arabidopsis thaliana,,173
7058,Bur-0,Ireland,54.1,-6.2,Albert Kranz,,CS76734,Arabidopsis thaliana,,33
7061,Cal-0,UK,53.2699,-1.64293,Albert Kranz,,CS76460,Arabidopsis thaliana,,56
7062,Ca-0,GER,50.2981,8.26607,Albert Kranz,,CS76459,Arabidopsis thaliana,,880
7063,Can-0,Spain,29.2144,-13.4811,Albert Kranz,,CS76740,Arabidopsis thaliana,,154
7064,Cnt-1,UK,51.3,1.1,Eric Holub,,CS76467,Arabidopsis thaliana,,99
7067,Ct-1,Italy,37.3,15.0,Albert Kranz,,CS76786,Arabidopsis thaliana,,42
7068,Cerv-1,Italy,42.0,12.1,Maarten Koornneef,,CS76462,Arabidopsis thaliana,,42
7071,Chat-1,France,48.0717,1.33867,Maarten Koornneef,,CS76463,Arabidopsis thaliana,,823
7072,Chi-0,Russia,53.7502,34.7361,Albert Kranz,,CS76464,Arabidopsis thaliana,,163
7077,Co-1,POR,40.12,-8.25,Albert Kranz,,CS76468,Arabidopsis thaliana,,173
7081,Co,POR,40.2077,-8.42639,George Redei,,CS78895,Arabidopsis thaliana,,747
7092,Com-1,France,49.416,2.823,Maarten Koornneef,,CS76469,Arabidopsis thaliana,,842
7094,Da-0,GER,49.8724,8.65081,Albert Kranz,,CS76791,Arabidopsis thaliana,,696
7096,Di-G,France,47.3239,5.04278,Maarten Koornneef,,CS76472,Arabidopsis thaliana,,45
7102,Do-0,GER,50.7224,8.2372,Albert Kranz,,CS76474,Arabidopsis thaliana,,859
7103,Dra-0,Czech Republic,49.4167,16.2667,Albert Kranz,,CS76476,Arabidopsis thaliana,,44
7106,Dr-0,GER,51.051,13.7336,Albert Kranz,,CS78897,Arabidopsis thaliana,,191
7107,Durh-1,UK,54.7761,-1.5733,Maarten Koornneef,,CS76477,Arabidopsis thaliana,,39
7109,Ema-1,UK,51.3,0.5,Eric Holub,,CS76480,Arabidopsis thaliana,,545
7111,Edi-0,UK,55.9494,-3.16028,Albert Kranz,,CS76831,Arabidopsis thaliana,,7
7117,El-0,GER,51.5105,9.68253,Albert Kranz,,CS76479,Arabidopsis thaliana,,188
7119,En-2,GER,50.0,8.5,Albert Kranz,,CS76481,Arabidopsis thaliana,,42
7120,En-D,GER,50.0,8.5,Albert Kranz,,CS76482,Arabidopsis thaliana,,45
7125,Er-0,GER,49.5955,11.0087,Albert Kranz,,CS78898,Arabidopsis thaliana,,145
7126,Es-0,Finland,60.1997,24.5682,Albert Kranz,,CS76484,Arabidopsis thaliana,,873
7127,Est,Estonia,58.6656,24.9871,Brigitte Damm,,CS76485,Arabidopsis thaliana,,183
7130,Et-0,France,44.6447,2.56481,Albert Kranz,,CS76486,Arabidopsis thaliana,,178
7133,Fr-2,GER,50.1102,8.6822,Albert Kranz,,CS76489,Arabidopsis thaliana,,152
7138,Fi-0,GER,50.5,8.0167,Albert Kranz,,CS76488,Arabidopsis thaliana,,12
7143,Gel-1,NED,51.0167,5.86667,Maarten Koornneef,,CS76492,Arabidopsis thaliana,,873
7147,Gie-0,GER,50.584,8.67825,Albert Kranz,,CS76493,Arabidopsis thaliana,,872
7158,Gr-5,Austria,47.0,15.5,Albert Kranz,,CS76885,Arabidopsis thaliana,,171
7160,Gre-0,US,43.178,-85.2532,Albert Kranz,,CS76497,Arabidopsis thaliana,,40
7161,Gd-1,GER,53.5,10.5,Albert Kranz,,CS76491,Arabidopsis thaliana,,63
7162,Hs-0,GER,52.24,9.44,Albert Kranz,,CS76515,Arabidopsis thaliana,,183
7163,Ha-0,GER,52.3721,9.73569,Albert Kranz,,CS76500,Arabidopsis thaliana,,846
7164,Hau-0,DEN,55.675,12.5686,Albert Kranz,,CS76915,Arabidopsis thaliana,,803
7165,Hn-0,GER,51.3472,8.28844,Albert Kranz,,CS76513,Arabidopsis thaliana,,319
7169,Hh-0,GER,54.4175,9.88682,Albert Kranz,,CS76512,Arabidopsis thaliana,,808
7177,Jm-0,Czech Republic,49.0,15.0,Albert Kranz,,CS76520,Arabidopsis thaliana,,54
7181,Je-0,GER,50.927,11.587,Albert Kranz,,CS76518,Arabidopsis thaliana,,798
7183,Kas-1,India,35.0,77.0,Shauna Somerville,,CS79018,Arabidopsis thaliana,,7
7186,Kn-0,Lithuania,54.8969,23.8924,Albert Kranz,,CS76969,Arabidopsis thaliana,,772
7192,Kil-0,UK,55.6395,-5.66364,Albert Kranz,,CS76526,Arabidopsis thaliana,,638
7199,Kl-5,GER,50.95,6.9666,Albert Kranz,,CS76528,Arabidopsis thaliana,,247
7202,Kb-0,GER,50.1797,8.50861,Albert Kranz,,CS76524,Arabidopsis thaliana,,45
7203,Krot-0,GER,49.631,11.5722,Thomas Mitchell-Olds,,CS76534,Arabidopsis thaliana,,167
7207,Kyoto,Japan,35.0085,135.752,Hirokazu Tsukaya,,CS76535,Arabidopsis thaliana,,68
7208,Lan-0,UK,55.6739,-3.78181,Albert Kranz,,CS76539,Arabidopsis thaliana,,160
7209,La-0,Poland,52.7333,15.2333,Albert Kranz,,CS76538,Arabidopsis thaliana,,173
7213,Ler-0,GER,47.984,10.8719,Maarten Koornneef,,CS77020,Arabidopsis thaliana,,17
7217,Lm-2,France,48.0,0.5,Albert Kranz,,CS76545,Arabidopsis thaliana,,189
7218,Le-0,NED,52.1611,4.49015,Albert Kranz,,CS76540,Arabidopsis thaliana,,137
7223,Li-2:1,GER,50.3833,8.0666,Albert Kranz,,CS76541,Arabidopsis thaliana,,66
7231,Li-7,GER,50.3833,8.0666,Albert Kranz,,CS77035,Arabidopsis thaliana,,671
7236,Litva,Lithuania,,,Igor Vizir,,CS76543,Arabidopsis thaliana,,46
7244,Mnz-0,GER,50.001,8.26664,Albert Kranz,,CS76552,Arabidopsis thaliana,,818
7248,Mv-0,US,41.3923,-70.6652,Albert Kranz,,CS76556,Arabidopsis thaliana,,40
7250,Me-0,GER,51.9183,10.1138,Albert Kranz,,CS76549,Arabidopsis thaliana,,134
7255,Mh-0,Poland,50.95,20.5,Albert Kranz,,CS76550,Arabidopsis thaliana,,872
7258,Nw-0,GER,50.5,8.5,Albert Kranz,,CS76564,Arabidopsis thaliana,,638
7268,Np-0,GER,52.6969,10.981,Albert Kranz,,CS76563,Arabidopsis thaliana,,730
7273,No-0,GER,51.0581,13.2995,Albert Kranz,,CS77128,Arabidopsis thaliana,,155
7276,Ob-0,GER,50.2,8.5833,Albert Kranz,,CS76566,Arabidopsis thaliana,,729
7280,Old-1,GER,53.1667,8.2,Albert Kranz,,CS76567,Arabidopsis thaliana,,331
7282,Or-0,GER,50.3827,8.01161,Albert Kranz,,CS76568,Arabidopsis thaliana,,877
7287,Ove-0,GER,53.3422,8.42255,Albert Kranz,,CS76569,Arabidopsis thaliana,,727
7288,Oy-0,Norway,60.385543,6.193019,Albert Kranz,,CS77156,Arabidopsis thaliana,,161
7296,Petergof,Russia,59.0,29.0,Igor Vizir,,CS77170,Arabidopsis thaliana,,848
7298,Pi-0,Austria,47.04,10.51,Albert Kranz,,CS76572,Arabidopsis thaliana,,190
7305,Pt-0,GER,53.476,10.6065,Albert Kranz,,CS78915,Arabidopsis thaliana,,188
7306,Pog-0,Canada,49.2655,-123.206,Albert Kranz,,CS76576,Arabidopsis thaliana,,262
7307,Pn-0,France,48.0653,-2.96591,Albert Kranz,,CS77182,Arabidopsis thaliana,,337
7314,Ragl-1,UK,54.3512,-3.41697,Maarten Koornneef,,CS76583,Arabidopsis thaliana,,45
7316,Rhen-1,NED,51.9667,5.56667,Maarten Koornneef,,CS78916,Arabidopsis thaliana,,870
7319,Rome-1,Italy,42.0,12.1,Maarten Koornneef,,CS76590,Arabidopsis thaliana,,45
7320,Rou-0,France,49.4424,1.09849,Albert Kranz,,CS76591,Arabidopsis thaliana,,756
7322,Rsch-4,Russia,56.3,34.0,Albert Kranz,,CS77222,Arabidopsis thaliana,,40
7323,Rubezhnoe-1,Ukraine,49.0,38.28,Igor Vizir,,CS76594,Arabidopsis thaliana,,743
7327,Sf-1,Spain,41.7833,3.03333,F. Laibach,,CS77246,Arabidopsis thaliana,,36
7328,Sf-2,Spain,41.7833,3.03333,Albert Kranz,,CS77247,Arabidopsis thaliana,,56
7332,Seattle-0,US,47.0,-122.2,Rick Amasino,,CS76598,Arabidopsis thaliana,,25
7333,Sei-0,Italy,46.5438,11.5614,Albert Kranz,,CS76599,Arabidopsis thaliana,,323
7337,Si-0,GER,50.8738,8.02341,Albert Kranz,,CS76601,Arabidopsis thaliana,,864
7342,Su-0,UK,53.6473,-3.00733,Albert Kranz,,CS76606,Arabidopsis thaliana,,26
7343,Sp-0,GER,52.5339,13.181,Albert Kranz,,CS76603,Arabidopsis thaliana,,786
7344,Sg-1,GER,47.6667,9.5,Albert Kranz,,CS76600,Arabidopsis thaliana,,220
7346,Sten-0,GER,52.6058,11.8558,Albert Kranz,,CS77277,Arabidopsis thaliana,,300
7347,Stw-0,Russia,52.0,36.0,Albert Kranz,,CS76605,Arabidopsis thaliana,,197
7349,Ta-0,Czech Republic,49.5,14.5,Albert Kranz,,CS76608,Arabidopsis thaliana,,52
7350,Tac-0,US,47.2413,-122.459,Thomas Mitchell-Olds,,CS76609,Arabidopsis thaliana,,40
7353,Tha-1,NED,52.08,4.3,Maarten Koornneef,,CS76611,Arabidopsis thaliana,,826
7354,Ting-1,Sweden,56.5,14.9,Maarten Koornneef,,CS76612,Arabidopsis thaliana,,293
7356,Tol-0,US,41.6639,-83.5553,Scott Leisner,,CS76614,Arabidopsis thaliana,,26
7358,Tol-2,US,41.6639,-83.5553,Scott Leisner,,CS79019,Arabidopsis thaliana,,0
7359,Tol-3,US,41.6639,-83.5553,Scott Leisner,,CS79020,Arabidopsis thaliana,,0
7372,Tscha-1,Austria,47.0748,9.9042,Maarten Koornneef,,CS76616,Arabidopsis thaliana,,857
7373,Tsu-0,Japan,34.43,136.31,Albert Kranz,,CS77389,Arabidopsis thaliana,,184
7377,Tul-0,US,43.2708,-85.2563,Albert Kranz,,CS76618,Arabidopsis thaliana,,12
7378,Uk-1,GER,48.0333,7.7667,Albert Kranz,,CS76620,Arabidopsis thaliana,,876
7382,Utrecht,NED,52.0918,5.1145,Viola Willemsen,,CS76622,Arabidopsis thaliana,,704
7383,Van-0,Canada,49.2655,-123.206,Albert Kranz,,CS76623,Arabidopsis thaliana,,47
7384,Ven-1,NED,52.0333,5.55,Maarten Koornneef,,CS76624,Arabidopsis thaliana,,830
7387,Vind-1,UK,54.9902,-2.3671,Maarten Koornneef,,CS76625,Arabidopsis thaliana,,45
7394,Wa-1,Poland,52.3,21.0,Albert Kranz,,CS76626,Arabidopsis thaliana,,292
7396,Ws-0.2,Russia,52.3,30.0,Albert Kranz,,CS78857,Arabidopsis thaliana,,17
7404,Wc-1,GER,52.6,10.0667,Albert Kranz,,CS76627,Arabidopsis thaliana,,285
7411,Wl-0,GER,47.9299,10.8134,Albert Kranz,,CS76630,Arabidopsis thaliana,,305
7413,Wil-2,Lithuania,54.6833,25.3167,Albert Kranz,,CS78856,Arabidopsis thaliana,,288
7415,Wu-0,GER,49.7878,9.9361,Albert Kranz,,CS78858,Arabidopsis thaliana,,133
7416,Yo-0,US,37.45,-119.35,Albert Kranz,,CS76633,Arabidopsis thaliana,,73
7417,Zu-0,SUI,47.3667,8.55,Albert Kranz,,CS78880,Arabidopsis thaliana,,2
7418,Zu-1,SUI,47.3667,8.55,Albert Kranz,,CS78881,Arabidopsis thaliana,,267
7419,Db-1,GER,50.3058,8.32213,Albert Kranz,,CS76471,Arabidopsis thaliana,,163
7424,Jl-3,Czech Republic,49.2,16.6166,Albert Kranz,,CS76519,Arabidopsis thaliana,,735
7427,Ko-2,DEN,,,Albert Kranz,,CS76531,Arabidopsis thaliana,,17
7430,Nc-1,France,48.6167,6.25,Albert Kranz,,CS76559,Arabidopsis thaliana,,312
7460,Da(1)-12,Czech Republic,,,Igor Vizir,,CS76470,Arabidopsis thaliana,,664
7461,H55,Czech Republic,49.0,15.0,Igor Vizir,,CS76897,Arabidopsis thaliana,,554
7471,RLD-1,UNK,,,Maarten Koornneef,,CS76588,Arabidopsis thaliana,,40
7475,KEN,US,41.767,-72.677,Massimo Pigliucci,,CS79021,Arabidopsis thaliana,,0
7477,WAR,US,41.7302,-71.2825,Massimo Pigliucci,,CS78853,Arabidopsis thaliana,,756
7514,RRS-7,US,41.5609,-86.4251,Joy Bergelson,,CS76593,Arabidopsis thaliana,,857
7515,RRS-10,US,41.5609,-86.4251,Joy Bergelson,,CS76592,Arabidopsis thaliana,,841
7516,Vår2-1,Sweden,55.58,14.334,Magnus Nordborg,,CS78830,Arabidopsis thaliana,,777
7517,Vår2-6,Sweden,55.58,14.334,Magnus Nordborg,,CS78831,Arabidopsis thaliana,,605
7520,Lp2-2,Czech Republic,49.38,16.81,Ivo Cetl,,CS76546,Arabidopsis thaliana,,837
7521,Lp2-6,Czech Republic,49.38,16.81,Ivo Cetl,,CS77052,Arabidopsis thaliana,,795
7523,Pna-17,US,42.0945,-86.3253,Joy Bergelson,,CS76575,Arabidopsis thaliana,,859
7525,Rmx-A180,US,42.036,-86.511,Joy Bergelson,,CS77218,Arabidopsis thaliana,,802
7529,627RMX-1MN4,US,42.0333,-86.5128,Justin Borevitz,,CS79022,Arabidopsis thaliana,,0
7530,627RMX-1MN5,US,42.0333,-86.5128,Justin Borevitz,,CS79023,Arabidopsis thaliana,,0
7566,627ME-13Y1,US,42.093,-86.359,Justin Borevitz,,CS78367,Arabidopsis thaliana,,0
7568,627ME-1MI1,US,42.093,-86.359,Justin Borevitz,,CS79024,Arabidopsis thaliana,,0
7717,KNO1.37,US,41.273,-86.625,Megan Dunning,,CS76972,Arabidopsis thaliana,,10
7757,KNO2.41,US,41.273,-86.625,Megan Dunning,,CS79025,Arabidopsis thaliana,,0
7767,KNO2.54,US,41.273,-86.625,Megan Dunning,,CS79026,Arabidopsis thaliana,,0
7917,PNA3.10,US,42.0945,-86.3253,Megan Dunning,,CS77183,Arabidopsis thaliana,,12
7947,PNA3.40,US,42.0945,-86.3253,Megan Dunning,,CS77184,Arabidopsis thaliana,,12
8037,PT1.52,US,41.3423,-86.7368,Megan Dunning,,CS79027,Arabidopsis thaliana,,0
8057,PT1.85,US,41.3423,-86.7368,Megan Dunning,,CS79028,Arabidopsis thaliana,,0
8077,PT2.21,US,41.3423,-86.7368,Megan Dunning,,CS77191,Arabidopsis thaliana,,12
8132,RMX3.22,US,42.036,-86.511,Megan Dunning,,CS77219,Arabidopsis thaliana,,12
8171,RMX4.118,US,42.036,-86.511,Megan Dunning,,CS79029,Arabidopsis thaliana,,0
8214,Gy-0,France,49.0,2.0,Albert Kranz,,CS78901,Arabidopsis thaliana,,521
8222,Lis-2,Sweden,56.0328,14.775,Magnus Nordborg,,CS77043,Arabidopsis thaliana,,621
8227,THÖ 03,Sweden,62.7989,17.9103,Mattias Jakobsson,,CS77367,Arabidopsis thaliana,,612
8230,Algutsrum,Sweden,56.68,16.5,Magnus Nordborg,,CS76657,Arabidopsis thaliana,,719
8231,Brö1-6,Sweden,56.3,16.0,Magnus Nordborg,,CS76726,Arabidopsis thaliana,,823
8233,Dem-4,US,41.1876,-87.1923,Joy Bergelson,,CS76794,Arabidopsis thaliana,,623
8234,Gul1-2,Sweden,56.4606,15.8127,Magnus Nordborg,,CS76896,Arabidopsis thaliana,,186
8235,Hod,Czech Republic,48.8,17.1,Jirina Relichov,,CS76924,Arabidopsis thaliana,,827
8236,HSm,Czech Republic,49.33,15.76,Jirina Relichov,,CS76941,Arabidopsis thaliana,,902
8237,Kävlinge-1,Sweden,55.8,13.1,Torbjorn Sall,,CS76964,Arabidopsis thaliana,,193
8238,Kent,UK,51.15,0.4,Magnus Nordborg,,CS76967,Arabidopsis thaliana,,20
8239,PHW-3,GER,51.0,7.0,Paul Williams,,CS76976,Arabidopsis thaliana,,226
8240,Kulturen-1,Sweden,55.705,13.196,Torbjorn Sall,,CS76987,Arabidopsis thaliana,,876
8241,Liarum,Sweden,55.9473,13.821,Torbjorn Sall,,CS77038,Arabidopsis thaliana,,877
8242,Lillö-1,Sweden,56.1494,15.7884,Magnus Nordborg,,CS77039,Arabidopsis thaliana,,300
8243,PHW-2,Italy,43.7703,11.2547,Paul Williams,,CS77173,Arabidopsis thaliana,,623
8244,PHW-34,France,48.6103,2.3086,Paul Williams,,CS77174,Arabidopsis thaliana,,189
8246,NC-6,US,35.0,-79.18,Joy Bergelson,,CS77124,Arabidopsis thaliana,,120
8247,San-2,Sweden,56.07,13.74,Magnus Nordborg,,CS77233,Arabidopsis thaliana,,720
8249,Vimmerby,Sweden,57.7,15.8,Magnus Nordborg,,CS78845,Arabidopsis thaliana,,786
8256,Bå1-2,Sweden,56.4,12.9,Magnus Nordborg,,CS76676,Arabidopsis thaliana,,756
8258,Bå4-1,Sweden,56.4,12.9,Magnus Nordborg,,CS76677,Arabidopsis thaliana,,186
8259,Bå5-1,Sweden,56.4,12.9,Magnus Nordborg,,CS76678,Arabidopsis thaliana,,645
8264,Bla-1,Spain,41.6833,2.8,Albert Kranz,,CS76451,Arabidopsis thaliana,,277
8283,Dra3-1,Sweden,55.76,14.12,Magnus Nordborg,,CS76811,Arabidopsis thaliana,,629
8284,DraII-1,Czech Republic,49.4112,16.2815,Jirina Relichov,,CS76813,Arabidopsis thaliana,,672
8285,DraIII-1,Czech Republic,49.4112,16.2815,Jirina Relichov,,CS76815,Arabidopsis thaliana,,631
8290,En-1,GER,50.0,8.5,Albert Kranz,,CS76841,Arabidopsis thaliana,,611
8297,Ge-0,SUI,46.5,6.08,Albert Kranz,,CS76875,Arabidopsis thaliana,,746
8306,Hov4-1,Sweden,56.1,13.74,Magnus Nordborg,,CS76936,Arabidopsis thaliana,,751
8307,Hovdala-6,Sweden,56.1,13.74,Torbjorn Sall,,CS76938,Arabidopsis thaliana,,505
8311,In-0,Austria,47.5,11.5,Albert Kranz,,CS78903,Arabidopsis thaliana,,937
8312,Is-0,GER,50.5,7.5,Albert Kranz,,CS78904,Arabidopsis thaliana,,827
8326,Lis-1,Sweden,56.0328,14.775,Magnus Nordborg,,CS77042,Arabidopsis thaliana,,214
8334,Lu-1,Sweden,55.71,13.2,Albert Kranz,,CS77056,Arabidopsis thaliana,,682
8335,Lund,Sweden,55.71,13.2,Magnus Nordborg,,CS77060,Arabidopsis thaliana,,628
8337,Mir-0,Italy,44.0,12.37,Albert Kranz,,CS76551,Arabidopsis thaliana,,303
8343,Na-1,France,47.5,1.5,Albert Kranz,,CS76558,Arabidopsis thaliana,,915
8351,Ost-0,Sweden,60.25,18.37,Albert Kranz,,CS77154,Arabidopsis thaliana,,860
8354,Per-1,Russia,58.0,56.3167,Albert Kranz,,CS76571,Arabidopsis thaliana,,915
8357,Pla-0,Spain,41.5,2.25,Albert Kranz,,CS76573,Arabidopsis thaliana,,245
8365,Rak-2,Czech Republic,49.0,16.0,Albert Kranz,,CS77201,Arabidopsis thaliana,,870
8366,Rd-0,GER,50.5,8.5,Albert Kranz,,CS76584,Arabidopsis thaliana,,626
8369,Rev-1,Sweden,55.6942,13.4504,Magnus Nordborg,,CS77214,Arabidopsis thaliana,,632
8376,Sanna-2,Sweden,62.69,18.0,Magnus Nordborg,,CS77234,Arabidopsis thaliana,,344
8386,Sr:5,Sweden,58.9,11.2,Ivo Cetl,,CS77268,Arabidopsis thaliana,,542
8387,St-0,Sweden,59.0,18.0,Albert Kranz,,CS77270,Arabidopsis thaliana,,415
8419,Wil-1,Lithuania,54.6833,25.3167,Albert Kranz,,CS78855,Arabidopsis thaliana,,91
8420,Kelsterbach-4,GER,50.0667,8.5333,Paul Williams,,CS76525,Arabidopsis thaliana,,881
8422,Fjä1-1,Sweden,56.06,14.29,Magnus Nordborg,,CS76859,Arabidopsis thaliana,,162
8424,Kas-2,India,35.0,77.0,Shauna Somerville,,CS78905,Arabidopsis thaliana,,742
8426,Ull1-1,Sweden,56.06,13.97,Magnus Nordborg,,CS78816,Arabidopsis thaliana,,105
8427,Ull2-13,Sweden,56.0648,13.9707,Magnus Nordborg,,CS78552,Arabidopsis thaliana,,5
8464,LP3413.31,US,41.6862,-86.8513,Justin Borevitz,,CS79030,Arabidopsis thaliana,,0
8483,LP3413.53,US,41.6862,-86.8513,Justin Borevitz,,CS79031,Arabidopsis thaliana,,0
8699,328PNA062,US,42.0945,-86.3253,Justin Borevitz,,CS79032,Arabidopsis thaliana,,0
8723,11PNA1.14,US,42.0945,-86.3253,Justin Borevitz,,CS79033,Arabidopsis thaliana,,0
9027,RMX413.85,US,42.036,-86.511,Justin Borevitz,,CS79034,Arabidopsis thaliana,,0
9057,Vinslöv,Sweden,56.1,13.9167,Torbjorn Sall,,CS78847,Arabidopsis thaliana,,766
9058,Västervik,Sweden,57.75,16.6333,Magnus Nordborg,,CS78834,Arabidopsis thaliana,,690
9067,Xan-3,Azerbaijan,38.6536,48.7992,James Beck,,CS78860,Arabidopsis thaliana,,11
9069,Xan-5,Azerbaijan,38.6536,48.7992,James Beck,,CS78861,Arabidopsis thaliana,,9
9070,Xan-6,Azerbaijan,38.6536,48.7992,James Beck,,CS78862,Arabidopsis thaliana,,12
9075,Lerik1-4,Azerbaijan,38.7406,48.6131,James Beck,,CS77023,Arabidopsis thaliana,,12
9078,Lerik1-7,Azerbaijan,38.7406,48.6131,James Beck,,CS77024,Arabidopsis thaliana,,12
9079,Lerik2-1,Azerbaijan,38.7833,48.5517,James Beck,,CS77025,Arabidopsis thaliana,,25
9081,Lerik2-3,Azerbaijan,38.7833,48.5517,James Beck,,CS77026,Arabidopsis thaliana,,9
9084,Lerik2-6,Azerbaijan,38.7833,48.5517,James Beck,,CS77028,Arabidopsis thaliana,,9
9085,Lerik2-7,Azerbaijan,38.7833,48.5517,James Beck,,CS77029,Arabidopsis thaliana,,9
9089,Nar-3,Azerbaijan,38.9522,48.925,James Beck,,CS77119,Arabidopsis thaliana,,9
9091,Nar-5,Azerbaijan,38.9522,48.925,James Beck,,CS77121,Arabidopsis thaliana,,9
9095,Istisu-5,Azerbaijan,38.9786,48.5594,James Beck,,CS76950,Arabidopsis thaliana,,12
9099,Istisu-9,Azerbaijan,38.9786,48.5594,James Beck,,CS76953,Arabidopsis thaliana,,8
9100,Lag1-2,Georgia,41.8296,46.2831,James Beck,,CS76998,Arabidopsis thaliana,,25
9102,Lag1-4,Georgia,41.8296,46.2831,James Beck,,CS76999,Arabidopsis thaliana,,17
9103,Lag1-5,Georgia,41.8296,46.2831,James Beck,,CS77000,Arabidopsis thaliana,,9
9104,Lag1-6,Georgia,41.8296,46.2831,James Beck,,CS77001,Arabidopsis thaliana,,580
9105,Lag1-7,Georgia,41.8296,46.2831,James Beck,,CS77002,Arabidopsis thaliana,,12
9106,Lag1-8,Georgia,41.8296,46.2831,James Beck,,CS77003,Arabidopsis thaliana,,12
9111,Lag2-4,Georgia,41.8296,46.2831,James Beck,,CS77005,Arabidopsis thaliana,,12
9113,Lag2-6,Georgia,41.8296,46.2831,James Beck,,CS77006,Arabidopsis thaliana,,12
9114,Lag2-7,Georgia,41.8296,46.2831,James Beck,,CS77007,Arabidopsis thaliana,,12
9115,Lag2-10,Georgia,41.8296,46.2831,James Beck,,CS77004,Arabidopsis thaliana,,132
9121,Bak-5,Georgia,41.7942,43.4767,James Beck,,CS76685,Arabidopsis thaliana,,131
9125,Geg-14,Armenia,40.1408,44.8203,James Beck,,CS76876,Arabidopsis thaliana,,131
9128,Yeg-2,Armenia,39.8692,45.3622,James Beck,,CS78864,Arabidopsis thaliana,,17
9130,Yeg-4,Armenia,39.8692,45.3622,James Beck,,CS78865,Arabidopsis thaliana,,14
9131,Yeg-5,Armenia,39.8692,45.3622,James Beck,,CS78866,Arabidopsis thaliana,,12
9133,Yeg-7,Armenia,39.8692,45.3622,James Beck,,CS78867,Arabidopsis thaliana,,17
9134,Yeg-8,Armenia,39.8692,45.3622,James Beck,,CS78868,Arabidopsis thaliana,,12
9298,Edi-1,UK,55.9681,-3.21833,James Beck,,CS76832,Arabidopsis thaliana,,133
9312,Ullapool-8,UK,57.9,-5.1525,James Beck,,CS78821,Arabidopsis thaliana,,12
9314,Gol-2,UK,57.9672,-3.96722,James Beck,,CS76883,Arabidopsis thaliana,,133
9321,Ådal 1,Sweden,62.8622,18.336,Alison Anastasio,,CS76643,Arabidopsis thaliana,,35
9323,Ådal 3,Sweden,62.8622,18.336,Alison Anastasio,,CS76644,Arabidopsis thaliana,,499
9332,Bar 1,Sweden,62.8698,18.381,Alison Anastasio,,CS76688,Arabidopsis thaliana,,617
9336,Bön 1,Sweden,62.8794,18.4473,Alison Anastasio,,CS76715,Arabidopsis thaliana,,621
9339,Böt 1,Sweden,57.7133,15.0689,Alison Anastasio,,CS76720,Arabidopsis thaliana,,620
9343,Dju-1,Sweden,57.3089,18.1512,Alison Anastasio,,CS78896,Arabidopsis thaliana,,615
9352,Död 2,Sweden,57.2608,16.3675,Alison Anastasio,,CS76797,Arabidopsis thaliana,,490
9353,Död 3,Sweden,57.2608,16.3675,Alison Anastasio,,CS76798,Arabidopsis thaliana,,360
9363,EdJ 2,Sweden,62.9147,18.4045,Alison Anastasio,,CS76833,Arabidopsis thaliana,,614
9369,EkS 2,Sweden,57.6781,14.9986,Alison Anastasio,,CS76837,Arabidopsis thaliana,,499
9370,EkS 3,Sweden,57.6781,14.9986,Alison Anastasio,,CS79035,Arabidopsis thaliana,,0
9371,FäL 1,Sweden,63.016,18.3175,Alison Anastasio,,CS76852,Arabidopsis thaliana,,621
9380,FlyA 3,Sweden,55.7488,13.3742,Alison Anastasio,,CS76865,Arabidopsis thaliana,,618
9381,Fri 1,Sweden,55.8106,14.2091,Alison Anastasio,,CS76868,Arabidopsis thaliana,,493
9382,Fri 2,Sweden,55.8106,14.2091,Alison Anastasio,,CS76869,Arabidopsis thaliana,,496
9383,Fri 3,Sweden,55.8106,14.2091,Alison Anastasio,,CS76870,Arabidopsis thaliana,,494
9386,Grön 12,Sweden,62.806,18.1896,Alison Anastasio,,CS76891,Arabidopsis thaliana,,518
9388,Grön 14,Sweden,62.806,18.1896,Alison Anastasio,,CS76892,Arabidopsis thaliana,,502
9390,Hadd-1,Sweden,57.3263,15.8979,Alison Anastasio,,CS78659,Arabidopsis thaliana,,496
9391,Hadd-2,Sweden,57.3263,15.8979,Alison Anastasio,,CS76905,Arabidopsis thaliana,,512
9392,Hadd-3,Sweden,57.3263,15.8979,Alison Anastasio,,CS76906,Arabidopsis thaliana,,499
9394,Hag-2,Sweden,56.5804,16.4063,Alison Anastasio,,CS76907,Arabidopsis thaliana,,148
9395,Hal-1,Sweden,57.5089,15.0105,Alison Anastasio,,CS76908,Arabidopsis thaliana,,24
9399,Hamm-1,Sweden,55.4234,13.9905,Alison Anastasio,,CS76910,Arabidopsis thaliana,,634
9402,Hel-3,Sweden,57.8765,14.8549,Alison Anastasio,,CS76918,Arabidopsis thaliana,,614
9404,HolA-1 1,Sweden,55.7491,13.399,Alison Anastasio,,CS76926,Arabidopsis thaliana,,506
9405,HolA-1 2,Sweden,55.7491,13.399,Alison Anastasio,,CS76927,Arabidopsis thaliana,,505
9407,HolA-2 2,Sweden,55.7491,13.399,Alison Anastasio,,CS76928,Arabidopsis thaliana,,501
9408,Kal 1,Sweden,56.047,13.9519,Alison Anastasio,,CS76959,Arabidopsis thaliana,,624
9409,Kia 1,Sweden,56.0573,14.302,Alison Anastasio,,CS76968,Arabidopsis thaliana,,637
9412,Kor 3,Sweden,57.2746,16.1494,Alison Anastasio,,CS76981,Arabidopsis thaliana,,498
9413,Kor 4,Sweden,57.2746,16.1494,Alison Anastasio,,CS76982,Arabidopsis thaliana,,499
9416,Kru-3,Sweden,57.7215,18.3837,Alison Anastasio,,CS76986,Arabidopsis thaliana,,620
9421,Lan 1,Sweden,55.9745,14.3997,Alison Anastasio,,CS77009,Arabidopsis thaliana,,631
9427,Näs 2,Sweden,62.8815,18.4055,Alison Anastasio,,CS77122,Arabidopsis thaliana,,633
9433,Nyl 13,Sweden,62.9513,18.2763,Alison Anastasio,,CS77135,Arabidopsis thaliana,,501
9436,Puk-1,Sweden,56.1633,14.6806,Alison Anastasio,,CS77194,Arabidopsis thaliana,,502
9437,Puk-2,Sweden,56.1633,14.6806,Alison Anastasio,,CS77195,Arabidopsis thaliana,,19
9442,Sim-1,Sweden,55.5678,14.3398,Alison Anastasio,,CS77250,Arabidopsis thaliana,,28
9450,Spro 1,Sweden,57.2545,18.2109,Alison Anastasio,,CS77263,Arabidopsis thaliana,,501
9451,Spro 2,Sweden,57.2545,18.2109,Alison Anastasio,,CS77264,Arabidopsis thaliana,,498
9452,Spro 3,Sweden,57.2545,18.2109,Alison Anastasio,,CS77265,Arabidopsis thaliana,,500
9453,Stenk-2,Sweden,57.8009,18.5162,Alison Anastasio,,CS77274,Arabidopsis thaliana,,509
9454,Stenk-3,Sweden,57.8009,18.5162,Alison Anastasio,,CS77275,Arabidopsis thaliana,,21
9455,Stenk-4,Sweden,57.8009,18.5162,Alison Anastasio,,CS77276,Arabidopsis thaliana,,499
9470,Tur-4,Sweden,57.6511,14.8043,Alison Anastasio,,CS77399,Arabidopsis thaliana,,143
9471,Ull-A-1,Sweden,56.0648,13.9707,Alison Anastasio,,CS78820,Arabidopsis thaliana,,483
9476,VårA 1,Sweden,55.5796,14.3336,Alison Anastasio,,CS78832,Arabidopsis thaliana,,508
9481,Yst-1,Sweden,55.4242,13.8484,Alison Anastasio,,CS78869,Arabidopsis thaliana,,148
9503,11C1,UK,55.8877,-3.21072,Andrew Hudson,,CS76640,Arabidopsis thaliana,,134
9506,IP-Alo-0,POR,40.11,-7.47,Carlos Alonso-Blanco,,CS76662,Arabidopsis thaliana,,141
9507,IP-Coa-0,POR,38.45,-7.5,Carlos Alonso-Blanco,,CS76775,Arabidopsis thaliana,,145
9508,IP-Mos-1,POR,40.04,-7.11,Carlos Alonso-Blanco,,CS77108,Arabidopsis thaliana,,132
9509,IP-Reg-0,POR,39.29,-7.4,Carlos Alonso-Blanco,,CS77207,Arabidopsis thaliana,,133
9510,IP-Rei-0,POR,38.75,-7.59,Carlos Alonso-Blanco,,CS77208,Arabidopsis thaliana,,134
9511,IP-Vav-0,POR,38.53,-8.02,Carlos Alonso-Blanco,,CS78835,Arabidopsis thaliana,,148
9512,IP-Vid-1,POR,38.22,-7.84,Carlos Alonso-Blanco,,CS78842,Arabidopsis thaliana,,146
9513,IP-Adc-5,Spain,38.77,-4.07,Carlos Alonso-Blanco,,CS76646,Arabidopsis thaliana,,130
9514,IP-Adm-0,Spain,39.15,-4.54,Carlos Alonso-Blanco,,CS76647,Arabidopsis thaliana,,128
9515,IP-Ala-0,Spain,39.72,-6.89,Carlos Alonso-Blanco,,CS76650,Arabidopsis thaliana,,133
9517,IP-All-0,Spain,42.19,-7.8,Carlos Alonso-Blanco,,CS76659,Arabidopsis thaliana,,156
9518,IP-Alm-0,Spain,39.88,-0.36,Carlos Alonso-Blanco,,CS76660,Arabidopsis thaliana,,160
9519,IP-Ang-0,Spain,41.94,2.64,Xavier Picó,,CS78886,Arabidopsis thaliana,,138
9520,IP-Ara-4,Spain,41.7,-3.68,Carlos Alonso-Blanco,,CS76670,Arabidopsis thaliana,,143
9521,IP-Bar-1,Spain,41.43,2.13,Xavier Picó,,CS76689,Arabidopsis thaliana,,144
9522,IP-Bea-0,Spain,36.52,-5.27,Carlos Alonso-Blanco,,CS76695,Arabidopsis thaliana,,144
9523,IP-Ben-0,Spain,38.37,-2.66,Carlos Alonso-Blanco,,CS76700,Arabidopsis thaliana,,137
9524,IP-Ber-0,Spain,42.52,-0.56,Carlos Alonso-Blanco,,CS78887,Arabidopsis thaliana,,152
9525,IP-Bis-0,Spain,42.49,0.54,Xavier Picó,,CS76711,Arabidopsis thaliana,,136
9526,IP-Cab-3,Spain,41.54,2.39,Xavier Picó,,CS76738,Arabidopsis thaliana,,145
9527,IP-Cad-0,Spain,40.37,-5.74,Carlos Alonso-Blanco,,CS76739,Arabidopsis thaliana,,151
9528,IP-Cal-0,Spain,40.94,-1.37,Carlos Alonso-Blanco,,CS78890,Arabidopsis thaliana,,145
9529,IP-Cap-1,Spain,36.97,-3.36,Carlos Alonso-Blanco,,CS76741,Arabidopsis thaliana,,145
9530,IP-Car-1,Spain,38.25,-4.32,Carlos Alonso-Blanco,,CS76742,Arabidopsis thaliana,,132
9531,IP-Cdc-3,Spain,41.21,-4.54,Carlos Alonso-Blanco,,CS76761,Arabidopsis thaliana,,139
9532,IP-Cdo-0,Spain,42.23,-4.64,Carlos Alonso-Blanco,,CS76762,Arabidopsis thaliana,,150
9533,IP-Cem-0,Spain,41.15,-4.32,Carlos Alonso-Blanco,,CS76763,Arabidopsis thaliana,,130
9534,IP-Cmo-3,Spain,40.05,-4.65,Carlos Alonso-Blanco,,CS76774,Arabidopsis thaliana,,139
9535,IP-Coc-1,Spain,42.31,3.19,Xavier Picó,,CS76776,Arabidopsis thaliana,,151
9536,IP-Cor-0,Spain,40.83,-2.0,Carlos Alonso-Blanco,,CS76782,Arabidopsis thaliana,,133
9537,IP-Cum-1,Spain,38.07,-6.66,Carlos Alonso-Blanco,,CS76787,Arabidopsis thaliana,,136
9539,IP-Deh-1,Spain,40.29,-6.67,Carlos Alonso-Blanco,,CS76793,Arabidopsis thaliana,,152
9540,IP-Elb-0,Spain,41.81,2.34,Xavier Picó,,CS76838,Arabidopsis thaliana,,137
9541,IP-Fue-2,Spain,38.26,-5.42,Carlos Alonso-Blanco,,CS76871,Arabidopsis thaliana,,130
9542,IP-Fun-0,Spain,40.79,-4.05,Carlos Alonso-Blanco,,CS76872,Arabidopsis thaliana,,137
9543,IP-Gra-0,Spain,36.77,-5.39,Xavier Picó,,CS76886,Arabidopsis thaliana,,132
9544,IP-Gua-1,Spain,39.4,-5.33,Carlos Alonso-Blanco,,CS76894,Arabidopsis thaliana,,142
9545,IP-Her-12,Spain,39.4,-5.78,Carlos Alonso-Blanco,,CS76920,Arabidopsis thaliana,,135
9546,IP-Hom-4,Spain,40.82,-1.68,Carlos Alonso-Blanco,,CS76929,Arabidopsis thaliana,,153
9547,IP-Hor-0,Spain,41.67,2.62,Xavier Picó,,CS76930,Arabidopsis thaliana,,141
9548,IP-Hoy-0,Spain,40.4,-5.0,Carlos Alonso-Blanco,,CS76939,Arabidopsis thaliana,,145
9549,IP-Hum-2,Spain,42.23,-3.69,Carlos Alonso-Blanco,,CS76943,Arabidopsis thaliana,,137
9550,IP-Iso-4,Spain,43.05,-5.37,Carlos Alonso-Blanco,,CS76946,Arabidopsis thaliana,,7
9551,IP-Jim-1,Spain,42.28,-5.92,Carlos Alonso-Blanco,,CS76955,Arabidopsis thaliana,,134
9552,IP-Lab-7,Spain,40.87,-4.5,Carlos Alonso-Blanco,,CS76995,Arabidopsis thaliana,,10
9553,IP-Ldd-0,Spain,41.58,-4.71,Carlos Alonso-Blanco,,CS77012,Arabidopsis thaliana,,140
9554,IP-Lso-0,Spain,38.86,-3.16,Carlos Alonso-Blanco,,CS77055,Arabidopsis thaliana,,130
9555,IP-Mar-1,Spain,39.58,-3.93,Carlos Alonso-Blanco,,CS77068,Arabidopsis thaliana,,139
9556,IP-Men-2,Spain,39.66,-4.34,Xavier Picó,,CS77081,Arabidopsis thaliana,,144
9557,IP-Moa-0,Spain,42.46,0.7,Carlos Alonso-Blanco,,CS77102,Arabidopsis thaliana,,142
9558,IP-Moc-11,Spain,41.57,-5.64,Carlos Alonso-Blanco,,CS77103,Arabidopsis thaliana,,140
9559,IP-Mon-5,Spain,38.06,-4.38,Carlos Alonso-Blanco,,CS77107,Arabidopsis thaliana,,141
9560,IP-Mot-0,Spain,38.19,-6.24,Carlos Alonso-Blanco,,CS77109,Arabidopsis thaliana,,138
9561,IP-Mun-0,Spain,40.71,-5.04,Carlos Alonso-Blanco,,CS77114,Arabidopsis thaliana,,139
9562,IP-Mur-0,Spain,41.67,2.0,Xavier Picó,,CS77115,Arabidopsis thaliana,,151
9564,IP-Nog-17,Spain,40.45,-1.6,Xavier Picó,,CS77129,Arabidopsis thaliana,,136
9565,IP-Orb-10,Spain,42.97,-1.23,Carlos Alonso-Blanco,,CS77152,Arabidopsis thaliana,,160
9567,IP-Pal-0,Spain,42.34,1.3,Xavier Picó,,CS77159,Arabidopsis thaliana,,138
9568,IP-Pan-0,Spain,42.76,-0.23,Carlos Alonso-Blanco,,CS77160,Arabidopsis thaliana,,36
9569,IP-Pds-1,Spain,42.87,-6.45,Carlos Alonso-Blanco,,CS77166,Arabidopsis thaliana,,133
9571,IP-Pro-0,Spain,43.28,-6.01,Carlos Alonso-Blanco,,CS78914,Arabidopsis thaliana,,130
9573,IP-Rds-0,Spain,41.86,2.99,Xavier Picó,,CS77206,Arabidopsis thaliana,,139
9574,IP-Rel-0,Spain,38.6,-2.7,Carlos Alonso-Blanco,,CS77209,Arabidopsis thaliana,,128
9576,IP-Rev-0,Spain,40.86,-4.11,Carlos Alonso-Blanco,,CS77213,Arabidopsis thaliana,,137
9577,IP-Ria-0,Spain,42.34,2.17,Xavier Picó,,CS77216,Arabidopsis thaliana,,146
9578,IP-Sac-0,Spain,42.13,-6.7,Carlos Alonso-Blanco,,CS77229,Arabidopsis thaliana,,135
9579,IP-San-10,Spain,38.33,-3.51,Carlos Alonso-Blanco,,CS77232,Arabidopsis thaliana,,136
9581,IP-Sdv-3,Spain,42.84,-5.12,Carlos Alonso-Blanco,,CS77242,Arabidopsis thaliana,,143
9582,IP-Ses-0,Spain,41.48,-1.63,Carlos Alonso-Blanco,,CS77244,Arabidopsis thaliana,,144
9583,IP-Sne-0,Spain,37.09,-3.38,Carlos Alonso-Blanco,,CS77258,Arabidopsis thaliana,,146
9584,IP-Stp-0,Spain,41.19,-3.58,Carlos Alonso-Blanco,,CS77283,Arabidopsis thaliana,,145
9585,IP-Svi-0,Spain,43.4,-7.39,Carlos Alonso-Blanco,,CS77287,Arabidopsis thaliana,,151
9586,IP-Tam-0,Spain,41.03,-3.27,Carlos Alonso-Blanco,,CS77340,Arabidopsis thaliana,,136
9587,IP-Tdc-0,Spain,41.5,-1.88,Carlos Alonso-Blanco,,CS77344,Arabidopsis thaliana,,148
9588,IP-Tol-7,Spain,42.11,0.6,Xavier Picó,,CS77371,Arabidopsis thaliana,,136
9589,IP-Tor-1,Spain,41.6,-2.83,Carlos Alonso-Blanco,,CS77378,Arabidopsis thaliana,,136
9590,IP-Trs-0,Spain,43.37,-5.49,Carlos Alonso-Blanco,,CS77387,Arabidopsis thaliana,,134
9591,IP-Vad-0,Spain,42.86,-3.59,Carlos Alonso-Blanco,,CS78826,Arabidopsis thaliana,,141
9592,IP-Vae-2,Spain,42.1,-5.44,Carlos Alonso-Blanco,,CS78827,Arabidopsis thaliana,,14
9593,IP-Vaz-0,Spain,42.26,-2.99,Carlos Alonso-Blanco,,CS78836,Arabidopsis thaliana,,136
9594,IP-Vdm-0,Spain,42.04,1.01,Carlos Alonso-Blanco,,CS78837,Arabidopsis thaliana,,148
9595,IP-Vdt-0,Spain,40.89,-5.5,Carlos Alonso-Blanco,,CS78838,Arabidopsis thaliana,,141
9596,IP-Ver-5,Spain,41.95,-7.45,Carlos Alonso-Blanco,,CS78841,Arabidopsis thaliana,,148
9597,IP-Vig-1,Spain,42.31,-2.53,Carlos Alonso-Blanco,,CS78843,Arabidopsis thaliana,,144
9598,IP-Vim-0,Spain,41.88,-6.51,Carlos Alonso-Blanco,,CS78844,Arabidopsis thaliana,,146
9599,IP-Vin-0,Spain,42.8,-5.77,Carlos Alonso-Blanco,,CS78846,Arabidopsis thaliana,,138
9600,IP-Vis-0,Spain,39.85,-6.04,Carlos Alonso-Blanco,,CS78848,Arabidopsis thaliana,,139
9601,IP-Voz-0,Spain,41.85,-1.88,Carlos Alonso-Blanco,,CS78849,Arabidopsis thaliana,,136
9602,IP-Vpa-1,Spain,40.5,-3.96,Carlos Alonso-Blanco,,CS78850,Arabidopsis thaliana,,151
9606,Aitba-1,Morocco,31.48,-7.45,0,,CS76649,Arabidopsis thaliana,,139
9607,Panik-1,Russia,53.05,52.15,0,,CS77161,Arabidopsis thaliana,,14
9608,Karag-2,Russia,51.37,59.44,0,,CS76961,Arabidopsis thaliana,,12
9609,Adam-1,Russia,51.41,59.98,0,,CS76645,Arabidopsis thaliana,,148
9610,Lesno-4,Russia,53.04,51.96,0,,CS77034,Arabidopsis thaliana,,133
9611,Lesno-1,Russia,53.04,51.9,0,,CS77032,Arabidopsis thaliana,,133
9612,Lesno-2,Russia,53.04,51.94,0,,CS77033,Arabidopsis thaliana,,143
9613,Balan-1,Russia,55.36,61.41,0,,CS76687,Arabidopsis thaliana,,28
9615,Parti-1,Russia,52.99,52.16,0,,CS77163,Arabidopsis thaliana,,150
9616,Krazo-1,Russia,53.06,51.96,0,,CS76984,Arabidopsis thaliana,,133
9617,Karag-1,Russia,51.37,59.44,0,,CS76960,Arabidopsis thaliana,,12
9619,Basta-1,Russia,51.84,79.48,0,,CS76691,Arabidopsis thaliana,,138
9620,Basta-2,Russia,51.82,79.48,0,,CS76692,Arabidopsis thaliana,,17
9621,Basta-3,Russia,51.84,79.46,0,,CS76693,Arabidopsis thaliana,,12
9622,Bijisk-4,Russia,52.52,85.27,0,,CS76707,Arabidopsis thaliana,,134
9624,Chaba-2,Russia,53.6,79.37,0,,CS76767,Arabidopsis thaliana,,27
9625,Kolyv-2,Russia,51.31,82.59,0,,CS76977,Arabidopsis thaliana,,162
9626,Kolyv-3,Russia,51.36,82.59,0,,CS76978,Arabidopsis thaliana,,130
9627,Kolyv-5,Russia,51.32,82.55,0,,CS76979,Arabidopsis thaliana,,9
9628,Kolyv-6,Russia,51.33,82.54,0,,CS76980,Arabidopsis thaliana,,17
9629,K-oze-1,Russia,51.35,82.18,0,,CS76957,Arabidopsis thaliana,,136
9630,K-oze-3,Russia,51.34,82.16,0,,CS76958,Arabidopsis thaliana,,150
9631,Lebja-1,Russia,51.65,80.79,0,,CS77015,Arabidopsis thaliana,,133
9632,Lebja-2,Russia,51.67,80.82,0,,CS77016,Arabidopsis thaliana,,138
9633,Lebja-4,Russia,51.63,80.83,0,,CS77017,Arabidopsis thaliana,,9
9634,Masl-1,Russia,54.13,81.31,0,,CS77073,Arabidopsis thaliana,,158
9635,Nosov-1,Russia,51.87,80.6,0,,CS77130,Arabidopsis thaliana,,129
9636,Noveg-1,Russia,51.75,80.82,0,,CS77131,Arabidopsis thaliana,,131
9637,Noveg-2,Russia,51.77,80.85,0,,CS77132,Arabidopsis thaliana,,138
9638,Noveg-3,Russia,51.73,80.86,0,,CS77133,Arabidopsis thaliana,,131
9639,Panke-1,Russia,53.82,80.31,0,,CS77162,Arabidopsis thaliana,,28
9640,Rakit-1,Russia,51.87,80.06,0,,CS77202,Arabidopsis thaliana,,145
9641,Rakit-2,Russia,51.9,80.06,0,,CS77203,Arabidopsis thaliana,,134
9642,Rakit-3,Russia,51.84,80.06,0,,CS77204,Arabidopsis thaliana,,133
9643,Sever-1,Russia,52.1,79.31,0,,CS77245,Arabidopsis thaliana,,136
9644,Zupan-1,CRO,45.07,18.72,0,,CS78882,Arabidopsis thaliana,,146
9645,Gradi-1,CRO,45.17,18.7,0,,CS76887,Arabidopsis thaliana,,133
9646,Aiell-1,Italy,39.126899,16.170188,,,CS76648,Arabidopsis thaliana,,12
9647,Basen-1,Italy,40.37,16.77,0,,CS76690,Arabidopsis thaliana,,133
9648,Bisig-1,Italy,39.48,16.28,0,,CS76712,Arabidopsis thaliana,,12
9649,Bivio-1,Italy,39.13,16.17,0,,CS76713,Arabidopsis thaliana,,137
9651,Filet-1,Italy,40.68,14.87,0,,CS76858,Arabidopsis thaliana,,134
9653,Giffo-1,Italy,38.44,16.13,0,,CS76878,Arabidopsis thaliana,,139
9655,Marce-1,Italy,38.92,16.47,0,,CS77071,Arabidopsis thaliana,,33
9656,Marti-1,Italy,40.64,17.31,0,,CS77072,Arabidopsis thaliana,,132
9657,Melic-1,Italy,38.45,16.04,0,,CS77078,Arabidopsis thaliana,,138
9658,Nicas-1,Italy,38.97,16.34,0,,CS77127,Arabidopsis thaliana,,9
9659,Pigna-1,Italy,41.18,14.18,0,,CS77177,Arabidopsis thaliana,,137
9660,Sarno-1,Italy,40.84,14.57,0,,CS77236,Arabidopsis thaliana,,134
9661,Cimin-1,Italy,39.58,16.21,0,,CS76771,Arabidopsis thaliana,,134
9663,Teano-1,Italy,41.33,14.09,0,,CS77357,Arabidopsis thaliana,,150
9664,Mitterberg-1-179,Italy,46.36,11.28,0,,CS78907,Arabidopsis thaliana,,11
9665,Mitterberg-1-180,Italy,46.36,11.28,0,,CS78908,Arabidopsis thaliana,,14
9666,Mitterberg-1-182,Italy,46.36,11.28,0,,CS78909,Arabidopsis thaliana,,12
9667,Mitterberg-1-183,Italy,46.36,11.28,0,,CS78910,Arabidopsis thaliana,,12
9668,Mitterberg-2-184,Italy,46.37,11.28,0,,CS77085,Arabidopsis thaliana,,9
9669,Mitterberg-2-185,Italy,46.37,11.28,0,,CS77086,Arabidopsis thaliana,,14
9670,Mitterberg-2-186,Italy,46.37,11.28,0,,CS77087,Arabidopsis thaliana,,12
9671,Mitterberg-3-187,Italy,46.37,11.28,0,,CS77088,Arabidopsis thaliana,,10
9672,Mitterberg-3-188,Italy,46.37,11.28,0,,CS77089,Arabidopsis thaliana,,12
9673,Mitterberg-3-189,Italy,46.37,11.28,0,,CS77090,Arabidopsis thaliana,,12
9676,Mitterberg-4-192,Italy,46.37,11.29,0,,CS77093,Arabidopsis thaliana,,12
9677,Mitterberg-4-193,Italy,46.37,11.29,0,,CS77094,Arabidopsis thaliana,,9
9678,Mitterberg-4-194,Italy,46.37,11.29,0,,CS77095,Arabidopsis thaliana,,9
9679,Castelfed-1-195,Italy,46.34,11.29,0,,CS76744,Arabidopsis thaliana,,9
9680,Castelfed-1-196,Italy,46.34,11.29,0,,CS76745,Arabidopsis thaliana,,12
9681,Castelfed-1-197,Italy,46.34,11.29,0,,CS76746,Arabidopsis thaliana,,12
9682,Castelfed-1-198,Italy,46.34,11.29,0,,CS76747,Arabidopsis thaliana,,12
9683,Castelfed-1-199,Italy,46.34,11.29,0,,CS76748,Arabidopsis thaliana,,12
9684,Castelfed-2-200,Italy,46.34,11.29,0,,CS76749,Arabidopsis thaliana,,12
9685,Castelfed-2-201,Italy,46.34,11.29,0,,CS76750,Arabidopsis thaliana,,12
9686,Castelfed-2-202,Italy,46.34,11.29,0,,CS76751,Arabidopsis thaliana,,12
9687,Castelfed-2-203,Italy,46.34,11.29,0,,CS76752,Arabidopsis thaliana,,12
9689,Castelfed-3-205,Italy,46.34,11.29,0,,CS76754,Arabidopsis thaliana,,12
9690,Castelfed-3-206,Italy,46.34,11.29,0,,CS76755,Arabidopsis thaliana,,12
9691,Castelfed-3-207,Italy,46.34,11.29,0,,CS76756,Arabidopsis thaliana,,12
9692,Castelfed-3-208,Italy,46.34,11.29,0,,CS76757,Arabidopsis thaliana,,9
9693,Castelfed-3-209,Italy,46.34,11.29,0,,CS76758,Arabidopsis thaliana,,12
9694,Castelfed-4-210,Italy,46.34,11.29,0,,CS78891,Arabidopsis thaliana,,12
9695,Castelfed-4-211,Italy,46.34,11.29,0,,CS78892,Arabidopsis thaliana,,12
9696,Castelfed-4-214,Italy,46.34,11.29,0,,CS78893,Arabidopsis thaliana,,12
9697,Dolen-1,BUL,41.62,23.94,0,,CS76802,Arabidopsis thaliana,,138
9698,Goced-1,BUL,41.57,23.85,0,,CS76882,Arabidopsis thaliana,,144
9699,Kolar-1,BUL,41.37,23.14,0,,CS76974,Arabidopsis thaliana,,154
9700,Dolna-1-10,BUL,42.32,23.1,0,,CS76803,Arabidopsis thaliana,,28
9701,Ivano-1,BUL,43.7,25.91,0,,CS76954,Arabidopsis thaliana,,133
9703,Melni-1,BUL,41.53,23.39,0,,CS77079,Arabidopsis thaliana,,9
9704,Melni-2,BUL,41.53,23.39,0,,CS77080,Arabidopsis thaliana,,17
9705,Choto-1,BUL,41.5,23.33,0,,CS76769,Arabidopsis thaliana,,133
9706,Dospa-1,BUL,41.64,24.18,0,,CS76807,Arabidopsis thaliana,,133
9707,Podvi-1,BUL,41.57,24.84,0,,CS77187,Arabidopsis thaliana,,134
9708,Kardz-1,BUL,41.62,25.35,0,,CS76962,Arabidopsis thaliana,,130
9709,Zerev-1-34,BUL,41.85,23.13,0,,CS78878,Arabidopsis thaliana,,12
9710,Zerev-1-35,BUL,41.85,23.13,0,,CS78879,Arabidopsis thaliana,,9
9711,Dolna-1-39,BUL,42.32,23.1,0,,CS76804,Arabidopsis thaliana,,12
9712,Dolna-1-40,BUL,42.32,23.1,0,,CS76805,Arabidopsis thaliana,,17
9713,Stara-1,BUL,42.49,25.61,0,,CS77271,Arabidopsis thaliana,,142
9714,Grivo-1,BUL,41.84,25.75,0,,CS76888,Arabidopsis thaliana,,133
9716,Leska-1-44,BUL,41.54,24.98,0,,CS77030,Arabidopsis thaliana,,136
9717,Kardz-2,BUL,41.66,25.47,0,,CS76963,Arabidopsis thaliana,,134
9718,Smolj-1,BUL,41.55,24.75,0,,CS77256,Arabidopsis thaliana,,145
9719,Koren-1,BUL,41.83,25.69,0,,CS76983,Arabidopsis thaliana,,150
9720,Malak-1,BUL,41.77,25.68,0,,CS77064,Arabidopsis thaliana,,132
9721,Schip-1,BUL,42.72,25.33,0,,CS77239,Arabidopsis thaliana,,33
9722,Groch-1,BUL,41.71,24.41,0,,CS76890,Arabidopsis thaliana,,130
9723,Slavi-2,BUL,41.42,23.67,0,,CS77252,Arabidopsis thaliana,,139
9725,Epidauros-1,Greece,37.6,23.08,0,,CS76844,Arabidopsis thaliana,,150
9726,Faneronemi-3,Greece,37.07,22.04,0,,CS76853,Arabidopsis thaliana,,162
9727,Olympia-2,Greece,37.63,21.62,0,,CS77144,Arabidopsis thaliana,,33
9728,Stiav-1,Slovakia,48.46,18.9,0,,CS77279,Arabidopsis thaliana,,12
9729,Stiav-2,Slovakia,48.46,18.9,0,,CS77280,Arabidopsis thaliana,,12
9730,Bela-1,Slovakia,48.47,18.94,0,,CS76696,Arabidopsis thaliana,,33
9731,Stiav-3,Slovakia,48.46,18.9,0,,CS77281,Arabidopsis thaliana,,12
9732,Halca-1,Slovakia,48.47,18.96,0,,CS76909,Arabidopsis thaliana,,128
9733,Bela-2,Slovakia,48.47,18.94,0,,CS76697,Arabidopsis thaliana,,14
9735,Bela-4,Slovakia,48.47,18.94,0,,CS76699,Arabidopsis thaliana,,11
9736,Teiu-2,Romania,44.69,25.17,0,,CS77361,Arabidopsis thaliana,,137
9737,Ulies-1,Romania,45.95,22.62,0,,CS78815,Arabidopsis thaliana,,152
9738,Bran-1,Romania,45.57,25.42,0,,CS76722,Arabidopsis thaliana,,132
9739,Toc-1,Romania,46.01,22.33,0,,CS77370,Arabidopsis thaliana,,136
9741,Orast-1,Romania,45.84,23.16,0,,CS77151,Arabidopsis thaliana,,138
9743,Furni-1,Romania,45.14,25.0,0,,CS76873,Arabidopsis thaliana,,160
9744,Iasi-1,Romania,47.16,27.59,0,,CS76944,Arabidopsis thaliana,,149
9745,Sij 1/96,Uzbekistan,41.45,70.05,0,,CS77249,Arabidopsis thaliana,,17
9747,Zabar-1,Serbia,44.38,21.22,0,,CS78870,Arabidopsis thaliana,,133
9748,Zagub-1,Serbia,44.23,21.71,0,,CS78871,Arabidopsis thaliana,,138
9749,Knjas-1,Serbia,43.54,22.29,0,,CS76971,Arabidopsis thaliana,,157
9754,Sredn-1,Serbia,44.66,21.37,0,,CS77269,Arabidopsis thaliana,,142
9755,Vajug-1,Serbia,44.56,22.56,0,,CS78828,Arabidopsis thaliana,,147
9756,Staro-2,Serbia,44.3,21.08,0,,CS77273,Arabidopsis thaliana,,15
9757,Staro-1,Serbia,44.3,21.08,0,,CS77272,Arabidopsis thaliana,,17
9758,Altai-5,China,47.75,88.4,0,,CS76433,Arabidopsis thaliana,,169
9759,Anz-0,Iran,37.47,49.47,0,,CS76439,Arabidopsis thaliana,,176
9761,Bik-1,Lebanon,33.92,35.7,0,,CS76449,Arabidopsis thaliana,,134
9762,Etna-2,Italy,37.69,14.98,0,,CS76487,Arabidopsis thaliana,,161
9764,Qar-8a,Lebanon,34.1,35.84,0,,CS76581,Arabidopsis thaliana,,177
9766,Westkar-4,Kyrgyzstan,42.26,74.16,0,,CS76629,Arabidopsis thaliana,,188
9768,Ru4-16,GER,48.57,9.16,0,,CS77225,Arabidopsis thaliana,,17
9769,HE-1,GER,48.55,8.99,0,,CS76916,Arabidopsis thaliana,,137
9770,KBG2-13,GER,48.53,9.01,0,,CS76966,Arabidopsis thaliana,,17
9771,Pfn-N2.2-6,GER,48.56,9.11,0,,CS77172,Arabidopsis thaliana,,133
9772,Hof-1,GER,48.41,8.85,0,,CS76925,Arabidopsis thaliana,,140
9774,Alt-1,GER,48.59,9.22,0,,CS76663,Arabidopsis thaliana,,144
9775,Berg-1,GER,48.41,8.79,0,,CS76701,Arabidopsis thaliana,,138
9776,Fell3-7,GER,48.43,8.79,0,,CS76857,Arabidopsis thaliana,,23
9777,Gn-1,GER,48.57,9.17,0,,CS76880,Arabidopsis thaliana,,132
9778,Bach-7,GER,48.41,8.84,0,,CS76679,Arabidopsis thaliana,,23
9779,Bai-10,GER,48.5,8.78,0,,CS76682,Arabidopsis thaliana,,145
9780,Fell2-4,GER,48.43,8.79,0,,CS76856,Arabidopsis thaliana,,12
9781,Kus2-2,GER,48.52,9.11,0,,CS76990,Arabidopsis thaliana,,138
9782,Lu3-30,GER,48.53,9.09,0,,CS77057,Arabidopsis thaliana,,143
9783,Tu-PK-7,GER,48.52,9.05,0,,CS77396,Arabidopsis thaliana,,12
9784,Erg2-6,GER,48.5,8.8,0,,CS76845,Arabidopsis thaliana,,141
9785,Ha-HBT1-2,GER,48.54,9.02,0,,CS76898,Arabidopsis thaliana,,17
9786,Ha-P-13,GER,48.54,9.01,0,,CS76901,Arabidopsis thaliana,,12
9787,HI-4,GER,48.5,9.0,0,,CS76922,Arabidopsis thaliana,,134
9788,KBG1-14,GER,48.53,9.01,0,,CS76965,Arabidopsis thaliana,,12
9789,Obh-13,GER,48.39,8.96,0,,CS77140,Arabidopsis thaliana,,134
9790,Gn2-3,GER,48.58,9.18,0,,CS76881,Arabidopsis thaliana,,133
9791,Haes-1,GER,48.6,9.2,0,,CS76914,Arabidopsis thaliana,,133
9792,Lu4-2,GER,48.54,9.09,0,,CS77058,Arabidopsis thaliana,,12
9793,Ru-N2,GER,48.57,9.16,0,,CS77224,Arabidopsis thaliana,,17
9794,Tu-B1-2,GER,48.52,9.08,0,,CS77391,Arabidopsis thaliana,,17
9795,Wank-2,GER,48.5,9.11,0,,CS78852,Arabidopsis thaliana,,139
9796,Bach2-1,GER,48.41,8.84,0,,CS76680,Arabidopsis thaliana,,17
9797,Ha-HBT2-10,GER,48.54,9.02,0,,CS76899,Arabidopsis thaliana,,12
9798,Ha-P2-1,GER,48.54,9.01,0,,CS76902,Arabidopsis thaliana,,17
9799,Hart-2,GER,48.39,8.85,0,,CS76913,Arabidopsis thaliana,,133
9800,Ha-S-B,GER,48.54,9.01,0,,CS76903,Arabidopsis thaliana,,17
9801,Ha-SP-2,GER,48.54,9.01,0,,CS76904,Arabidopsis thaliana,,17
9802,Kus3-1,GER,48.51,9.11,0,,CS76991,Arabidopsis thaliana,,133
9803,Muh-2,GER,48.42,8.76,0,,CS77113,Arabidopsis thaliana,,145
9804,Obe1-15,GER,48.45,8.87,0,,CS77139,Arabidopsis thaliana,,143
9805,Pfn-10,GER,48.54,9.09,0,,CS77171,Arabidopsis thaliana,,12
9806,Ru-2,GER,48.56,9.16,0,,CS77223,Arabidopsis thaliana,,18
9807,Schl-7,GER,48.6,9.22,0,,CS77240,Arabidopsis thaliana,,140
9808,Tu-B2-3,GER,48.52,9.08,0,,CS77392,Arabidopsis thaliana,,12
9809,Tu-KB-6,GER,48.52,9.05,0,,CS77393,Arabidopsis thaliana,,12
9810,Tu-KS-7,GER,48.53,9.07,0,,CS77394,Arabidopsis thaliana,,132
9811,Tu-NK-12,GER,48.52,9.05,0,,CS77395,Arabidopsis thaliana,,23
9812,Tu-W1,GER,48.52,9.03,0,,CS77397,Arabidopsis thaliana,,134
9813,BI-4,GER,48.4,8.77,0,,CS76706,Arabidopsis thaliana,,145
9814,Fell1-10,GER,48.42,8.79,0,,CS76855,Arabidopsis thaliana,,138
9815,Ha-HBT3-11,GER,48.54,9.02,0,,CS76900,Arabidopsis thaliana,,17
9816,Tu-WH,GER,48.55,9.06,0,,CS77398,Arabidopsis thaliana,,17
9817,IP-Ace-0,Spain,39.84,-6.6,Carlos Alonso-Blanco,,CS76642,Arabidopsis thaliana,,131
9819,IP-Amu-0,Spain,42.35,-3.03,Carlos Alonso-Blanco,,CS76664,Arabidopsis thaliana,,139
9820,IP-Are-0,Spain,41.0,-4.71,Carlos Alonso-Blanco,,CS76671,Arabidopsis thaliana,,143
9821,IP-Aru-0,Spain,41.81,2.49,Xavier Picó,,CS76674,Arabidopsis thaliana,,139
9822,IP-Aul-0,Spain,40.52,-4.02,Carlos Alonso-Blanco,,CS76675,Arabidopsis thaliana,,140
9823,IP-Bae-0,Spain,43.34,-5.84,Carlos Alonso-Blanco,,CS76681,Arabidopsis thaliana,,133
9824,IP-Bes-5,Spain,42.91,-4.91,Carlos Alonso-Blanco,,CS76702,Arabidopsis thaliana,,15
9825,IP-Boa-0,Spain,40.4,-3.88,Carlos Alonso-Blanco,,CS76714,Arabidopsis thaliana,,136
9826,IP-Bor-0,Spain,42.49,-6.71,Carlos Alonso-Blanco,,CS76717,Arabidopsis thaliana,,135
9827,IP-Bos-0,Spain,42.78,0.69,Xavier Picó,,CS76719,Arabidopsis thaliana,,134
9828,IP-Bra-0,Spain,42.5,-6.15,Xavier Picó,,CS76721,Arabidopsis thaliana,,133
9830,IP-Bus-0,Spain,36.97,-3.28,Carlos Alonso-Blanco,,CS76736,Arabidopsis thaliana,,134
9831,IP-Cas-0,Spain,38.54,-3.39,Carlos Alonso-Blanco,,CS76743,Arabidopsis thaliana,,134
9832,IP-Cat-0,Spain,40.54,-3.69,Carlos Alonso-Blanco,,CS76759,Arabidopsis thaliana,,134
9833,IP-Cha-0,Spain,40.38,-4.21,Carlos Alonso-Blanco,,CS76764,Arabidopsis thaliana,,139
9834,IP-Cho-0,Spain,40.51,-3.9,Carlos Alonso-Blanco,,CS76768,Arabidopsis thaliana,,136
9835,IP-Cir-0,Spain,40.61,-6.57,Carlos Alonso-Blanco,,CS76772,Arabidopsis thaliana,,136
9836,IP-Cod-0,Spain,41.25,-1.32,Carlos Alonso-Blanco,,CS76777,Arabidopsis thaliana,,136
9837,IP-Con-0,Spain,37.94,-5.6,Xavier Picó,,CS76780,Arabidopsis thaliana,,132
9838,IP-Cot-0,Spain,41.83,-5.38,Carlos Alonso-Blanco,,CS76784,Arabidopsis thaliana,,132
9839,IP-Coy-0,Spain,40.44,-4.27,Carlos Alonso-Blanco,,CS76785,Arabidopsis thaliana,,137
9840,IP-Dar-0,Spain,41.13,-1.43,Carlos Alonso-Blanco,,CS76792,Arabidopsis thaliana,,137
9841,IP-Ees-0,Spain,40.59,-4.15,Carlos Alonso-Blanco,,CS76836,Arabidopsis thaliana,,136
9843,IP-Elp-0,Spain,40.53,-3.92,Carlos Alonso-Blanco,,CS76840,Arabidopsis thaliana,,139
9844,IP-Esn-2,Spain,42.27,0.19,Carlos Alonso-Blanco,,CS76846,Arabidopsis thaliana,,18
9845,IP-Evs-0,Spain,40.48,-3.96,Carlos Alonso-Blanco,,CS76848,Arabidopsis thaliana,,135
9846,IP-Ezc-2,Spain,42.31,-3.02,Carlos Alonso-Blanco,,CS76849,Arabidopsis thaliana,,137
9847,IP-Fel-2,Spain,43.31,-5.7,Carlos Alonso-Blanco,,CS76854,Arabidopsis thaliana,,130
9848,IP-Glo-1,Spain,40.11,-5.77,Carlos Alonso-Blanco,,CS76879,Arabidopsis thaliana,,137
9849,IP-Gud-3,Spain,40.65,-4.11,Carlos Alonso-Blanco,,CS76895,Arabidopsis thaliana,,138
9850,IP-Hec-0,Spain,42.86,-0.7,Carlos Alonso-Blanco,,CS76917,Arabidopsis thaliana,,139
9851,IP-Hue-3,Spain,42.96,-6.1,Carlos Alonso-Blanco,,CS76942,Arabidopsis thaliana,,29
9852,IP-Ini-0,Spain,40.46,-3.75,Carlos Alonso-Blanco,,CS76945,Arabidopsis thaliana,,136
9853,IP-Lac-0,Spain,43.33,-5.91,Carlos Alonso-Blanco,,CS76996,Arabidopsis thaliana,,137
9854,IP-Laf-1,Spain,43.36,-5.88,Carlos Alonso-Blanco,,CS76997,Arabidopsis thaliana,,134
9855,IP-Lam-0,Spain,40.57,-3.89,Carlos Alonso-Blanco,,CS77008,Arabidopsis thaliana,,139
9856,IP-Lch-0,Spain,40.51,-4.0,Carlos Alonso-Blanco,,CS77010,Arabidopsis thaliana,,18
9857,IP-Leg-0,Spain,40.33,-3.8,Carlos Alonso-Blanco,,CS77019,Arabidopsis thaliana,,41
9858,IP-Loz-0,Spain,40.98,-3.8,Carlos Alonso-Blanco,,CS77051,Arabidopsis thaliana,,17
9859,IP-Lro-0,Spain,40.5,-3.88,Carlos Alonso-Blanco,,CS77054,Arabidopsis thaliana,,15
9860,IP-Lum-0,Spain,42.24,-2.62,Carlos Alonso-Blanco,,CS77059,Arabidopsis thaliana,,12
9861,IP-Mac-0,Spain,40.72,-3.21,Carlos Alonso-Blanco,,CS77061,Arabidopsis thaliana,,17
9862,IP-Mad-0,Spain,40.45,-3.67,Carlos Alonso-Blanco,,CS77062,Arabidopsis thaliana,,12
9864,IP-Mat-0,Spain,41.76,2.69,Xavier Picó,,CS77074,Arabidopsis thaliana,,18
9866,IP-Mdd-0,Spain,41.89,-2.79,Carlos Alonso-Blanco,,CS77076,Arabidopsis thaliana,,154
9867,IP-Mie-1,Spain,40.94,-3.22,Xavier Picó,,CS77083,Arabidopsis thaliana,,139
9868,IP-Moe-0,Spain,41.78,2.37,Xavier Picó,,CS77104,Arabidopsis thaliana,,136
9869,IP-Moj-0,Spain,36.76,-5.28,Xavier Picó,,CS77105,Arabidopsis thaliana,,131
9870,IP-Moz-0,Spain,41.91,0.17,Carlos Alonso-Blanco,,CS77111,Arabidopsis thaliana,,154
9871,IP-Nac-0,Spain,40.75,-3.99,Carlos Alonso-Blanco,,CS77117,Arabidopsis thaliana,,132
9873,IP-Ndc-0,Spain,37.94,-5.45,Xavier Picó,,CS77125,Arabidopsis thaliana,,131
9874,IP-Oja-0,Spain,42.34,-3.0,Carlos Alonso-Blanco,,CS77143,Arabidopsis thaliana,,136
9875,IP-Ovi-1,Spain,43.38,-5.87,Carlos Alonso-Blanco,,CS77155,Arabidopsis thaliana,,132
9876,IP-Pad-0,Spain,41.34,0.99,Carlos Alonso-Blanco,,CS77158,Arabidopsis thaliana,,136
9877,IP-Pdl-0,Spain,43.02,-5.6,Carlos Alonso-Blanco,,CS77165,Arabidopsis thaliana,,12
9878,IP-Pee-0,Spain,40.78,-3.62,Carlos Alonso-Blanco,,CS77167,Arabidopsis thaliana,,138
9879,IP-Per-0,Spain,37.6,-1.12,Carlos Alonso-Blanco,,CS77169,Arabidopsis thaliana,,131
9880,IP-Pib-1,Spain,42.72,-3.44,Carlos Alonso-Blanco,,CS77175,Arabidopsis thaliana,,136
9881,IP-Pie-0,Spain,40.46,-5.32,Carlos Alonso-Blanco,,CS77176,Arabidopsis thaliana,,138
9882,IP-Pil-0,Spain,40.46,-4.26,Carlos Alonso-Blanco,,CS77178,Arabidopsis thaliana,,136
9883,IP-Piq-0,Spain,42.1,-2.56,Carlos Alonso-Blanco,,CS77179,Arabidopsis thaliana,,135
9885,IP-Prd-0,Spain,41.14,-3.68,Carlos Alonso-Blanco,,CS77189,Arabidopsis thaliana,,136
9886,IP-Pru-0,Spain,42.38,1.73,Xavier Picó,,CS77190,Arabidopsis thaliana,,137
9887,IP-Pun-0,Spain,40.4,-4.77,Carlos Alonso-Blanco,,CS77196,Arabidopsis thaliana,,133
9888,IP-Pva-1,Spain,40.93,-3.31,Xavier Picó,,CS77197,Arabidopsis thaliana,,138
9890,IP-Rib-1,Spain,43.16,-5.07,Carlos Alonso-Blanco,,CS77217,Arabidopsis thaliana,,134
9891,IP-Sal-0,Spain,41.93,2.92,Xavier Picó,,CS77230,Arabidopsis thaliana,,130
9892,IP-Sam-0,Spain,42.68,-6.96,Carlos Alonso-Blanco,,CS77231,Arabidopsis thaliana,,135
9894,IP-Sen-0,Spain,42.59,0.76,Xavier Picó,,CS77243,Arabidopsis thaliana,,133
9895,IP-Sfb-6,Spain,41.78,2.57,Xavier Picó,,CS77248,Arabidopsis thaliana,,139
9897,IP-Smt-1,Spain,40.95,-5.63,Xavier Picó,,CS77257,Arabidopsis thaliana,,155
9898,IP-Som-0,Spain,41.14,-3.58,Carlos Alonso-Blanco,,CS77259,Arabidopsis thaliana,,137
9899,IP-Tau-0,Spain,42.54,0.84,Xavier Picó,,CS77342,Arabidopsis thaliana,,140
9900,IP-Tri-0,Spain,37.38,-6.01,Xavier Picó,,CS77386,Arabidopsis thaliana,,134
9901,IP-Urd-1,Spain,42.27,-2.98,Carlos Alonso-Blanco,,CS78824,Arabidopsis thaliana,,134
9902,IP-Usa-0,Spain,40.71,-3.24,Carlos Alonso-Blanco,,CS78825,Arabidopsis thaliana,,139
9903,IP-Val-0,Spain,42.31,-3.1,Carlos Alonso-Blanco,,CS78829,Arabidopsis thaliana,,131
9904,IP-Vas-0,Spain,40.95,-3.31,Carlos Alonso-Blanco,,CS78833,Arabidopsis thaliana,,137
9905,IP-Ven-0,Spain,40.76,-4.01,Carlos Alonso-Blanco,,CS78840,Arabidopsis thaliana,,130
9906,IP-Mah-6,Spain,40.0,4.25,Xavier Picó,,CS77063,Arabidopsis thaliana,,135
9908,ESP-1-11,France,50.72,3.47,0,,CS76847,Arabidopsis thaliana,,17
9909,GEN-8,France,50.59,3.3,0,,CS76877,Arabidopsis thaliana,,16
9910,BRI-2,France,50.68,3.52,0,,CS76725,Arabidopsis thaliana,,137
9911,ARGE-1-15,France,47.16,4.28,0,,CS76672,Arabidopsis thaliana,,12
9912,CIRY-13,France,46.67,4.55,0,,CS76773,Arabidopsis thaliana,,8
9914,IST-29,France,47.58,5.33,0,,CS76948,Arabidopsis thaliana,,17
9915,MAR-4-16,France,47.45,3.94,0,,CS77069,Arabidopsis thaliana,,130
9917,RAD-21,France,46.69,4.34,0,,CS77200,Arabidopsis thaliana,,17
9918,SAUL-24,France,47.43,5.21,0,,CS77237,Arabidopsis thaliana,,111
9920,DIR-9,France,48.54,4.32,0,,CS76796,Arabidopsis thaliana,,138
9921,FOR-23,France,48.57,4.41,0,,CS76867,Arabidopsis thaliana,,12
9924,PLY-20,France,48.59,4.24,0,,CS77181,Arabidopsis thaliana,,134
9925,RUM-20,France,48.91,4.52,0,,CS77226,Arabidopsis thaliana,,144
9926,TRE-1,France,48.86,4.1,0,,CS77385,Arabidopsis thaliana,,17
9927,ARR-17,France,44.05,3.69,0,,CS76673,Arabidopsis thaliana,,132
9928,BEZ-9,France,44.12,3.77,0,,CS76703,Arabidopsis thaliana,,130
9929,ISS-20,France,43.92,3.71,0,,CS76947,Arabidopsis thaliana,,17
9930,LEC-25,France,43.91,4.14,0,,CS77018,Arabidopsis thaliana,,17
9932,NOZ-6,France,44.12,4.33,0,,CS77134,Arabidopsis thaliana,,16
9933,VED-10,France,43.74,3.89,0,,CS78839,Arabidopsis thaliana,,139
9935,BAU-15,France,50.6,2.93,0,,CS76694,Arabidopsis thaliana,,133
9937,CATS-6,France,50.79,2.69,0,,CS76760,Arabidopsis thaliana,,133
9938,WAV-8,France,50.65,2.99,0,,CS78854,Arabidopsis thaliana,,138
9939,Aitba-2,Morocco,31.48,-7.45,,,CS76347,Arabidopsis thaliana,,37
9941,Fei-0,POR,40.92,-8.54,,,CS76412,Arabidopsis thaliana,,152
9942,Agu-1,Spain,41.32,-1.34,,,CS76409,Arabidopsis thaliana,,20
9943,Cdm-0,Spain,39.73,-5.74,,,CS76410,Arabidopsis thaliana,,21
9944,Don-0,Spain,36.83,-6.36,,,CS76411,Arabidopsis thaliana,,149
9945,Leo-1,Spain,41.8,-3.11,,,CS76413,Arabidopsis thaliana,,21
9946,Mer-6,Spain,38.92,-6.34,,,CS76414,Arabidopsis thaliana,,18
9947,Ped-0,Spain,40.74,-3.9,,,CS76415,Arabidopsis thaliana,,142
9948,Pra-6,Spain,41.05,-3.54,,,CS76416,Arabidopsis thaliana,,16
9949,Qui-0,Spain,42.69,-6.93,,,CS76417,Arabidopsis thaliana,,19
9950,Vie-0,Spain,42.63,0.76,,,CS76418,Arabidopsis thaliana,,35
9951,Kly-1,Russia,51.3333,82.5667,Heike Schmuths,,CS76385,Arabidopsis thaliana,,18
9952,Kly-4,Russia,51.32,82.55,,,CS76384,Arabidopsis thaliana,,16
9953,Koz-2,Russia,51.33,82.19,,,CS76383,Arabidopsis thaliana,,16
9955,Stepn-2,Russia,54.09,60.46,,,CS76377,Arabidopsis thaliana,,13
9956,Stepn-1,Russia,54.06,60.48,,,CS76378,Arabidopsis thaliana,,29
9957,Borsk-2,Russia,53.04,51.75,,,CS76421,Arabidopsis thaliana,,13
9958,Shigu-1,Russia,53.33,49.48,,,CS76375,Arabidopsis thaliana,,37
9959,Shigu-2,Russia,53.33,49.48,,,CS76374,Arabidopsis thaliana,,21
9960,Kidr-1,Russia,51.31,57.56,,,CS76376,Arabidopsis thaliana,,37
9962,Galdo-1,Italy,40.57,15.32,,,CS76423,Arabidopsis thaliana,,32
9963,Lago-1,Italy,39.18,16.26,,,CS76367,Arabidopsis thaliana,,16
9964,Mammo-1,Italy,38.36,16.23,,,CS76365,Arabidopsis thaliana,,32
9965,Mammo-2,Italy,38.38,16.22,,,CS76364,Arabidopsis thaliana,,27
9966,Monte-1,Italy,40.28,15.65,,,CS76361,Arabidopsis thaliana,,18
9968,Timpo-1,Italy,39.27,16.27,,,CS76424,Arabidopsis thaliana,,21
9969,Valsi-1,Italy,40.18,16.45,,,CS76425,Arabidopsis thaliana,,15
9970,Altenb-2,Italy,46.37,11.24,,,CS76353,Arabidopsis thaliana,,21
9971,Bozen-1.1,Italy,46.51,11.33,,,CS76357,Arabidopsis thaliana,,21
9972,Bozen-1.2,Italy,46.51,11.33,,,CS76358,Arabidopsis thaliana,,21
9973,Mitterberg-1-181,Italy,46.36,11.28,,,CS76354,Arabidopsis thaliana,,19
9974,Castelfed-4-212,Italy,46.34,11.29,,,CS76355,Arabidopsis thaliana,,21
9975,Castelfed-4-213,Italy,46.34,11.29,,,CS76356,Arabidopsis thaliana,,20
9976,Rovero-1,Italy,46.25,11.17,,,CS76351,Arabidopsis thaliana,,21
9978,Vezzano-2.2,Italy,46.63,10.82,,,CS76350,Arabidopsis thaliana,,21
9979,Voeran-1,Italy,46.36,11.23,,,CS76352,Arabidopsis thaliana,,21
9980,Angel-1,Italy,38.62,16.17,,,CS76362,Arabidopsis thaliana,,18
9981,Angit-1,Italy,38.76,16.24,,,CS76366,Arabidopsis thaliana,,13
9982,Apost-1,Italy,39.01,16.47,,,CS76368,Arabidopsis thaliana,,13
9983,Ciste-1,Italy,41.62,12.87,,,CS76359,Arabidopsis thaliana,,21
9984,Ciste-2,Italy,41.62,12.87,,,CS76360,Arabidopsis thaliana,,16
9985,Slavi-1,BUL,41.43,23.65,,,CS76419,Arabidopsis thaliana,,28
9986,Jablo-1,BUL,41.59,25.2,,,CS76372,Arabidopsis thaliana,,20
9987,Lecho-1,BUL,41.43,23.5,,,CS76371,Arabidopsis thaliana,,21
9988,Bak-2,Georgia,41.7942,43.4767,James Beck,,CS76392,Arabidopsis thaliana,,36
9990,Lag2-2,Georgia,41.8296,46.2831,James Beck,,CS76390,Arabidopsis thaliana,,16
9991,Vash-1,Georgia,41.2381,46.3728,James Beck,,CS76391,Arabidopsis thaliana,,28
9993,Nemrut-1,Turkey,38.6425,42.2394,James Beck,,CS76398,Arabidopsis thaliana,,33
9995,HKT2.4,GER,48.14,9.4,,,CS76404,Arabidopsis thaliana,,20
9996,Nie1-2,GER,48.52,8.8,,,CS76402,Arabidopsis thaliana,,18
9997,Rue3.1-31,GER,48.56,9.16,,,CS76406,Arabidopsis thaliana,,18
9998,Star-8,GER,48.43,8.82,,,CS76400,Arabidopsis thaliana,,21
9999,TueSB30-3,GER,48.53,9.06,,,CS76403,Arabidopsis thaliana,,21
10001,TueV-13,GER,48.52,9.05,Kirsten Bomblies,,CS76407,Arabidopsis thaliana,,21
10002,TueWal-2,GER,48.53,9.04,Kirsten Bomblies,,CS76405,Arabidopsis thaliana,,28
10004,Bolin-1,Romania,44.46,25.74,,,CS76373,Arabidopsis thaliana,,21
10005,Copac-1,Romania,46.11,21.95,,,CS76420,Arabidopsis thaliana,,38
10006,Kastel-1,Ukraine,44.6419,34.3814,James Beck,,CS76395,Arabidopsis thaliana,,156
10008,Sij-1,Uzbekistan,41.45,70.05,Heike Schmuths,,CS76379,Arabidopsis thaliana,,31
10009,Sij-2,Uzbekistan,41.45,70.05,,,CS76380,Arabidopsis thaliana,,21
10010,Sij-4,Uzbekistan,41.45,70.05,,,CS76381,Arabidopsis thaliana,,20
10011,Yeg-1,Armenia,39.8692,45.3622,James Beck,,CS76394,Arabidopsis thaliana,,40
10012,Istisu-1,Azerbaijan,38.9786,48.5594,James Beck,,CS76389,Arabidopsis thaliana,,16
10013,Lerik1-3,Azerbaijan,38.7406,48.6131,James Beck,,CS76388,Arabidopsis thaliana,,15
10014,Xan-1,Azerbaijan,38.6536,48.7992,James Beck,,CS76387,Arabidopsis thaliana,,146
10015,Ara-1,Afghanistan,37.29,71.3,,,CS76382,Arabidopsis thaliana,,37
10017,Petro-1,Serbia,44.34,21.46,,,CS76370,Arabidopsis thaliana,,19
10018,Dobra-1,Serbia,44.84,20.16,,,CS76369,Arabidopsis thaliana,,21
10020,Jl-2,Czech Republic,49.17,16.5,,,CS76956,Arabidopsis thaliana,,35
10022,Uk-3,GER,48.0333,7.7667,Albert Kranz,,CS78777,Arabidopsis thaliana,,19
10023,Strand-1,Norway,68.8,15.45,,,CS77284,Arabidopsis thaliana,,12
10027,Uk-6,GER,48.02838,7.765567,Eunyoung Chae,,CS78938,Arabidopsis thaliana,,0
14312,Kos-1,Russia,62.02,34.12,Magnus Nordborg,,CS78923,Arabidopsis thaliana,,0
14313,Kos-2,Russia,62.02,34.12,Magnus Nordborg,,CS78924,Arabidopsis thaliana,,0
14314,Radk-1,Russia,61.59,35.11,Magnus Nordborg,,CS78927,Arabidopsis thaliana,,16
14315,Radk-2,Russia,61.59,35.11,Magnus Nordborg,,CS78928,Arabidopsis thaliana,,0
14318,Shu-1,Russia,61.94,34.24,Magnus Nordborg,,CS78930,Arabidopsis thaliana,,0
14319,Shu-2,Russia,61.94,34.24,Magnus Nordborg,,CS78931,Arabidopsis thaliana,,0
15560,Valm,Russia,61.37,61.37,Magnus Nordborg,,CS78932,Arabidopsis thaliana,,16
15591,OOE1-1,Austria,48.3315333,14.72665,Wolfram Weckwert,,CS78939,Arabidopsis thaliana,,0
15592,OOE3-1,Austria,48.3314667,14.7158667,Wolfram Weckwert ,,CS78940,Arabidopsis thaliana,,0
15593,OOE3-2,Austria,48.3314667,14.7158667,Wolfram Weckwert ,,CS78941,Arabidopsis thaliana,,0
18694,Pien,Russia,60.4,32.09,Magnus Nordborg,,CS78926,Arabidopsis thaliana,,16
18696,Samm,Russia,61.57,30.63,Magnus Nordborg,,CS78929,Arabidopsis thaliana,,16
19949,OOE2-1,Austria,48.3268333,14.7181667,Wolfram Weckwert,,CS79036,Arabidopsis thaliana,,0
19950,OOE2-2,Austria,48.3268333,14.7181667,Wolfram Weckwert,,CS79037,Arabidopsis thaliana,,0
19951,OOE23,Austria,48.3268333,14.7181667,Wolfram Weckwert,,CS79038,Arabidopsis thaliana,,0
